match_key,match_date,venue,team1_name,team2_name,team1_bats_first,pred_winner,pred_p_team1_win,pred_best_bat,pred_best_bowl,pred_top5_bats,pred_top3_bowls,pred_potm,pred_extra_json,actual_winner,actual_top_scorer,actual_top_scorer_runs,actual_top_wicket_bowler,actual_top_wickets,official_potm,bbb_match_file,post_notes,actual_first_innings_team_runs,actual_second_innings_team_runs,winner_correct,potm_correct,logged_at_pre,logged_at_post,process3_completed_at,process3_notes
match1-rcb-vs-srh-2026-03-28,2026-03-28,"M Chinnaswamy Stadium, Bengaluru",Sunrisers Hyderabad,Royal Challengers Bengaluru,True,Royal Challengers Bengaluru,0.39,ishan-kishan,JD Unadkat,"[""ishan-kishan"", ""V Kohli"", ""TH David"", ""RM Patidar"", ""TM Head""]","[""JD Unadkat"", ""KH Pandya"", ""Suyash Sharma""]",V Kohli,"{""ensemble_p_team1"": 0.39, ""sims"": 200, ""notes"": ""Replace with your real run output""}",Royal Challengers Bengaluru,Ishan Kishan,80.0,Jacob Duffy,3.0,Jacob Duffy,matches/match1_rcb_vs_srh.csv,Winner correct; POTM differed — model used composite score vs official award.,,,True,False,2026-03-28T22:05:44.893559+00:00,2026-03-28T22:05:45.160128+00:00,2026-03-29T15:55:20.792610+00:00,Aliases OK; consider calibration bin for high P(team1). BBB clean.
match2-mi-kkr-2026-03-29,2026-03-29,"Wankhede Stadium, Mumbai",Kolkata Knight Riders,Mumbai Indians,True,Mumbai Indians,0.0,Tilak Varma,CV Varun,"[""Tilak Varma"", ""Ramandeep Singh"", ""Naman Dhir"", ""Suryakumar Yadav"", ""Finn Allen""]","[""CV Varun"", ""SN Thakur"", ""AS Roy""]",Tilak Varma,"{""sims"": 400, ""ensemble_p_team1"": 0.3081707518732864, ""sim_win_probability_team1"": 0.0, ""leader_model_p_team1"": 0.6601449275362319, ""batting_order_swapped"": false, ""impact_trim_lowest"": true, ""impact_dropped_team1"": ""Ajinkya Rahane"", ""impact_dropped_team2"": ""Hardik Pandya"", ""pitch_multipliers"": {""first_innings_runs"": 1.021, ""second_innings_runs"": 1.021, ""first_innings_wickets"": 0.985, ""second_innings_wickets"": 0.985}, ""venue_spin_harshness"": 0.78, ""note"": ""KKR bat first (MI bowled first). Default impact rule: lowest predicted-impact row dropped from each 12 for team totals (Rahane/KKR, Hardik/MI this run).""}",Mumbai Indians,Ryan Rickelton,82.0,Shardul Thakur,3.0,Rohit Sharma,matches/match2_mi_vs_kkr.csv,"Scores from matches/match2_mi_vs_kkr.csv (Rickelton 82, Rohit 80; Shardul 3/39). POTM per match narrative (fastest 50); confirm official award if needed. Two legal duplicate (innings,over,ball) keys from wide/noball sequences. KKR total in file 216 vs ~220 press — optional reconcile.",,,True,False,2026-03-29T16:35:53.220807+00:00,2026-03-29T18:49:36.596444+00:00,2026-03-29T18:49:40.299826+00:00,BBB ingested; retrain OK. Pred had MI heavy favourite — correct direction. Review duplicate ball keys + score vs press if strict audit. Calibration still worth watching on blowout MCs.
match3-rr-csk-2026-03-30,2026-03-30,"Barsapara Cricket Stadium, Guwahati",Chennai Super Kings,Rajasthan Royals,True,Rajasthan Royals,0.3625,SV Samson,Noor Ahmad,"[""SV Samson"", ""A Mhatre"", ""RA Jadeja"", ""Dhruv Jurel"", ""SO Hetmyer""]","[""Noor Ahmad"", ""KK Ahmed"", ""R Parag""]",RA Jadeja,"{""sims"": 400, ""ensemble_p_team1"": 0.7333333333333333, ""sim_win_probability_team1"": 0.3625, ""leader_model_p_team1"": 0.6676829268292683, ""batting_order_swapped"": false, ""impact_trim_lowest"": true, ""impact_dropped_team1"": ""Kartik Sharma"", ""impact_dropped_team2"": ""Brijesh Sharma"", ""pitch_multipliers"": {""first_innings_runs"": 1.0, ""second_innings_runs"": 1.0, ""first_innings_wickets"": 1.0, ""second_innings_wickets"": 1.0}, ""venue_spin_harshness"": 0.48, ""process_variant"": ""1A"", ""full_playing_twelve"": false}",Rajasthan Royals,Vaibhav Suryavanshi,50.0,Nandre Burger,2.0,Vaibhav Suryavanshi,matches/match3_rr_vs_csk.csv,BBB: CSK 126 vs RR 127 (chase). Top wickets tied at 2 (Burger among them); POTM set to match top scorer — correct if official award differs.,,,True,False,2026-03-30T14:34:47.034718+00:00,2026-03-31T12:45:56.530633+00:00,2026-03-31T12:45:56.753490+00:00,"BBB ingested; one duplicate ball key (1,18,2) for no-ball + free hit — expected. Retrain completed. Update official POTM in log if it differed from top scorer."
match4-pk-gt-2026-03-31,2026-03-31,"Maharaja Yadavindra Singh International Cricket Stadium, Mullanpur, New Chandigarh",Gujarat Titans,Punjab Kings,True,Gujarat Titans,1.0,Shubman Gill,K Rabada,"[""Shubman Gill"", ""MP Stoinis"", ""JC Buttler"", ""B Sai Sudharsan"", ""Priyansh Arya""]","[""K Rabada"", ""Rashid Khan"", ""Arshdeep Singh""]",MP Stoinis,"{""sims"": 400, ""ensemble_p_team1"": 0.98, ""sim_win_probability_team1"": 1.0, ""leader_model_p_team1"": 0.5548008289201013, ""batting_order_swapped"": false, ""impact_trim_lowest"": true, ""impact_dropped_team1"": ""Ashok Sharma"", ""impact_dropped_team2"": ""Prabhsimran Singh"", ""pitch_multipliers"": {""first_innings_runs"": 1.063, ""second_innings_runs"": 1.075756, ""first_innings_wickets"": 0.955, ""second_innings_wickets"": 0.94927}, ""venue_spin_harshness"": 0.0, ""process_variant"": ""1A"", ""full_playing_twelve"": false}",Punjab Kings,Cooper Connolly,74.0,Prasidh Krishna,3.0,Cooper Connolly,matches/match4_pbks_vs_gt.csv,"GT 159 vs PBKS 176 (chase). Model favoured GT; upset. Top wickets tied at 3 (Prasidh Krishna, Vijaykumar Vyshak) — logged Prasidh. POTM assumed top scorer; update if official differed.",,,False,False,2026-03-31T14:01:28.232009+00:00,2026-04-01T14:02:36.533276+00:00,2026-04-01T14:02:36.785417+00:00,BBB ingested. Duplicate ball indices from wides/no-balls — expected. Upset vs 100% MC headline — review win-prob calibration. Update POTM if official award differed.
match5-lsg-dc-2026-04-01,2026-04-01,"Bharat Ratna Shri Atal Bihari Vajpayee Ekana Cricket Stadium, Lucknow",Lucknow Super Giants,Delhi Capitals,True,Delhi Capitals,0.47,Abdul Samad,Kuldeep Yadav,"[""Abdul Samad"", ""KL Rahul"", ""Ashutosh Sharma"", ""Aiden Markram"", ""Nicholas Pooran""]","[""Kuldeep Yadav"", ""T Natarajan"", ""Mohsin Khan""]",Abdul Samad,"{""sims"": 100, ""ensemble_p_team1"": 0.7419354838709677, ""sim_win_probability_team1"": 0.47, ""leader_model_p_team1"": 0.6336206896551724, ""batting_order_swapped"": false, ""impact_trim_lowest"": true, ""impact_dropped_team1"": ""Mitchell Marsh"", ""impact_dropped_team2"": ""Pathum Nissanka"", ""pitch_multipliers"": {""first_innings_runs"": 1.021, ""second_innings_runs"": 1.0332519999999998, ""first_innings_wickets"": 0.985, ""second_innings_wickets"": 0.97909}, ""venue_spin_harshness"": 0.0, ""process_variant"": ""1A"", ""full_playing_twelve"": false, ""pred_first_innings_team_runs"": 110.00000000000003, ""pred_second_innings_team_runs"": 112.32843426720972, ""pred_first_innings_team_wickets"": 2.670284395625, ""pred_second_innings_team_wickets"": 2.0004525062500003, ""pred_first_innings_team_wickets_raw_sum"": 2.670284395625, ""pred_second_innings_team_wickets_raw_sum"": 2.0004525062500003, ""ml_team_total_runs_team1"": 106.02451470081601, ""ml_team_total_runs_team2"": 108.71349319160257, ""team_run_calibration"": {""method"": ""ml_team_total"", ""scale_team1"": 4.810719223055779, ""scale_team2"": 2.3897518789560115, ""sum_player_runs_before_team1"": 22.865603852499994, ""sum_player_runs_before_team2"": 47.00422468808}, ""player_process1"": {""heuristic"": ""role_aware_v1"", ""summary"": ""Best bat / top 5 runs exclude pure bowlers when enough batters exist; best bowl / top 3 wickets prefer bowlers and allrounders; POTM uses a role-weighted composite (not the official match award).""}}",Delhi Capitals,Sameer Rizvi,70.0,Lungi Ngidi,3.0,Sameer Rizvi,matches/match5_lsg_vs_dc.csv,"From BBB: LSG 136, DC 141/6 (chase). Sameer Rizvi 70 (impact). Top wickets tie Lungi Ngidi & T Natarajan at 3 — logged Lungi Ngidi. POTM assumed top match impact; change official_potm if broadcast differs.",136.0,141.0,True,False,2026-04-01T17:36:40.139562+00:00,2026-04-02T14:01:24.604845+00:00,2026-04-02T13:54:35.568086+00:00,Match5 BBB ingested; unified rows +418 matches. Winner call correct (DC). POTM vs pred composite (Samad) — expected gap. Tie on top wickets (Ngidi/Natarajan); log used Ngidi. Re-check train_win_prob_ensemble if calibrating.
match6-srh-kkr-2026-04-02,2026-04-02,"Eden Gardens, Kolkata",Sunrisers Hyderabad,Kolkata Knight Riders,True,Sunrisers Hyderabad,0.599,Ramandeep Singh,CV Varun,"[""Ramandeep Singh"", ""H Klaasen"", ""TM Head"", ""Abhishek Sharma"", ""Ishan Kishan""]","[""CV Varun"", ""AS Roy"", ""JD Unadkat""]",Ramandeep Singh,"{""sims"": 1000, ""ensemble_p_team1"": 0.16666666666666666, ""sim_win_probability_team1"": 0.599, ""leader_model_p_team1"": 0.42142857142857143, ""batting_order_swapped"": false, ""impact_trim_lowest"": true, ""impact_dropped_team1"": ""Salil Arora"", ""impact_dropped_team2"": ""Ajinkya Rahane"", ""pitch_multipliers"": {""first_innings_runs"": 1.85, ""second_innings_runs"": 1.88, ""first_innings_wickets"": 0.9411, ""second_innings_wickets"": 0.9298068}, ""venue_spin_harshness"": 0.55, ""process_variant"": ""1A"", ""full_playing_twelve"": false, ""pred_first_innings_team_runs"": 215.5079153217876, ""pred_second_innings_team_runs"": 207.30830656881577, ""pred_first_innings_team_wickets"": 1.99121245721814, ""pred_second_innings_team_wickets"": 3.0897313618693123, ""pred_first_innings_team_wickets_raw_sum"": 1.99121245721814, ""pred_second_innings_team_wickets_raw_sum"": 3.0897313618693123, ""ml_team_total_runs_team1"": 116.49076503880414, ""ml_team_total_runs_team2"": 110.27037583447648, ""team_run_calibration"": {""method"": ""ml_team_total"", ""scale_team1"": 0.8784209139026125, ""scale_team2"": 4.558703948161361, ""sum_player_runs_before_team1"": 245.33559243750005, ""sum_player_runs_before_team2"": 45.475273}, ""player_process1"": {""heuristic"": ""role_aware_v1"", ""summary"": ""Best bat / top 5 runs exclude pure bowlers when enough batters exist; best bowl / top 3 wickets prefer bowlers and allrounders; POTM uses a role-weighted composite (not the official match award).""}}",Sunrisers Hyderabad,Angkrish Raghuvanshi,61.0,Blessing Muzarabani,4.0,Angkrish Raghuvanshi,matches/match6_kkr_vs_srh.csv,"BBB: SRH 226/8, KKR 171 (chase). Top runs Angkrish 61; top wkts Blessing 4/4. Winner pred correct. POTM inferred from top scorer — confirm broadcast if needed.",226.0,171.0,True,False,2026-04-02T14:20:01.616759+00:00,2026-04-03T13:45:57.056493+00:00,2026-04-03T13:45:57.289697+00:00,Match6 ingested; high-par pitch lift vs actual 226/171 — directionally OK. Pred POTM (Ramandeep) vs actual (Angkrish) — list-order/top-bat heuristics missed KKR top order. Review Anukul→AS Roy alias if needed.
match7-csk-pk-2026-04-03,2026-04-03,"MA Chidambaram Stadium, Chennai",Chennai Super Kings,Punjab Kings,True,Punjab Kings,0.4974,Shashank Singh,Arshdeep Singh,"[""Shashank Singh"", ""Sanju Samson"", ""Shivam Dube"", ""Ruturaj Gaikwad"", ""Ayush Mhatre""]","[""Arshdeep Singh"", ""Noor Ahmad"", ""Vijaykumar Vyshak""]",Shashank Singh,"{""sims"": 5000, ""ensemble_p_team1"": 0.48484848484848486, ""sim_win_probability_team1"": 0.4974, ""leader_model_p_team1"": 0.5045454545454546, ""batting_order_swapped"": false, ""impact_trim_lowest"": true, ""impact_dropped_team1"": ""Matt Henry"", ""impact_dropped_team2"": ""Prabhsimran Singh"", ""pitch_multipliers"": {""first_innings_runs"": 1.263, ""second_innings_runs"": 1.293312, ""first_innings_wickets"": 0.9565, ""second_innings_wickets"": 0.945022}, ""venue_spin_harshness"": 0.15, ""process_variant"": ""1A"", ""full_playing_twelve"": false, ""pred_first_innings_team_runs"": 235.0, ""pred_second_innings_team_runs"": 234.99999999999997, ""pred_first_innings_team_wickets"": 1.7431720468102363, ""pred_second_innings_team_wickets"": 0.99510152071625, ""pred_first_innings_team_wickets_raw_sum"": 1.7431720468102363, ""pred_second_innings_team_wickets_raw_sum"": 0.99510152071625, ""ml_team_total_runs_team1"": 190.33743667079187, ""ml_team_total_runs_team2"": 189.37679839386877, ""team_run_calibration"": {""method"": ""ml_team_total"", ""scale_team1"": 8.931340744828203, ""scale_team2"": 5.229709331821733, ""sum_player_runs_before_team1"": 26.31183903, ""sum_player_runs_before_team2"": 44.93557578240001}, ""player_process1"": {""heuristic"": ""role_aware_v1"", ""summary"": ""Best bat / top 5 runs exclude pure bowlers when enough batters exist; best bowl / top 3 wickets prefer bowlers and allrounders; POTM uses a role-weighted composite (not the official match award).""}}",Punjab Kings,Ayush Mhatre,71.0,Anshul Kamboj,2.0,Ayush Mhatre,matches/match7_csk_vs_pbks.csv,"BBB recheck: CSK 209 (1st), PBKS 210 (2nd) — Punjab Kings won chase (210 vs 209). Top runs Ayush Mhatre 71. Wickets tied at 2 (Anshul Kamboj, Matt Henry, Vijaykumar Vyshak); logged Anshul. Pre-match pred winner Punjab Kings — winner_correct.",209.0,210.0,True,False,2026-04-03T13:58:19.640943+00:00,2026-04-05T11:16:33.056990+00:00,2026-04-05T11:17:02.978300+00:00,Corrected post: PBKS 210 vs CSK 209; PK won. BBB file re-verified. Retrain after Process 2. POTM vs pred composite (Shashank) unchanged review.
match8-dc-mi-2026-04-04,2026-04-04,"Arun Jaitley Stadium, Delhi",Mumbai Indians,Delhi Capitals,True,Mumbai Indians,0.524,KL Rahul,T Natarajan,"[""KL Rahul"", ""Ashutosh Sharma"", ""Tilak Varma"", ""N Rana"", ""AR Patel""]","[""T Natarajan"", ""M Markande"", ""Mukesh Kumar""]",KL Rahul,"{""sims"": 5000, ""ensemble_p_team1"": 0.48484848484848486, ""sim_win_probability_team1"": 0.524, ""leader_model_p_team1"": 0.503411513859275, ""batting_order_swapped"": false, ""impact_trim_lowest"": true, ""impact_dropped_team1"": ""Mitchell Santner"", ""impact_dropped_team2"": ""pathum-nissanka"", ""pitch_multipliers"": {""first_innings_runs"": 1.0112, ""second_innings_runs"": 1.0354688, ""first_innings_wickets"": 0.992, ""second_innings_wickets"": 0.980096}, ""venue_spin_harshness"": 0.0, ""process_variant"": ""1A"", ""full_playing_twelve"": false, ""pred_first_innings_team_runs"": 144.88534326939305, ""pred_second_innings_team_runs"": 143.44023748926818, ""pred_first_innings_team_wickets"": 3.0452758835200004, ""pred_second_innings_team_wickets"": 3.04036344, ""pred_first_innings_team_wickets_raw_sum"": 3.0452758835200004, ""pred_second_innings_team_wickets_raw_sum"": 3.04036344, ""ml_team_total_runs_team1"": 143.280600543308, ""ml_team_total_runs_team2"": 138.5268561344081, ""team_run_calibration"": {""method"": ""ml_team_total"", ""scale_team1"": 1.2151096362446825, ""scale_team2"": 1.3982962074496477, ""sum_player_runs_before_team1"": 119.236436736, ""sum_player_runs_before_team2"": 102.582154428416}, ""player_process1"": {""heuristic"": ""role_aware_v1"", ""summary"": ""Best bat / top 5 runs exclude pure bowlers when enough batters exist; best bowl / top 3 wickets prefer bowlers and allrounders; POTM uses a role-weighted composite (not the official match award).""}}",Delhi Capitals,Sameer Rizvi,93.0,Mukesh Kumar,2.0,Sameer Rizvi,matches/match8_dc_vs_mi.csv,"BBB recheck (current file): MI 162 (1st inn), DC 164 (2nd inn) → Delhi Capitals won chase. Top runs sameer-rizvi 93. Top wkts mukesh-kumar 2 (several on 1). Innings wkts 6/4. Pred had Mumbai Indians — winner miss. POTM Sameer Rizvi vs pred KL Rahul.",162.0,164.0,False,False,2026-04-04T10:40:23.449738+00:00,2026-04-04T15:00:29.382691+00:00,2026-04-04T14:49:38.085230+00:00,BBB re-cross-checked: totals 165/133; winner MI. Top bat/bowl agree with aggregates. Unified ingest + retrain after this run.
match9-gt-rr-2026-04-04,2026-04-04,"Narendra Modi Stadium, Ahmedabad",Rajasthan Royals,Gujarat Titans,True,Rajasthan Royals,0.618,Dhruv Jurel,K Rabada,"[""Dhruv Jurel"", ""Washington Sundar"", ""B Sai Sudharsan"", ""M Shahrukh Khan"", ""YBK Jaiswal""]","[""K Rabada"", ""Ravi Bishnoi"", ""JC Archer""]",Washington Sundar,"{""sims"": 5000, ""ensemble_p_team1"": 0.7419354838709677, ""sim_win_probability_team1"": 0.618, ""leader_model_p_team1"": 0.5241398446170922, ""batting_order_swapped"": false, ""impact_trim_lowest"": true, ""impact_dropped_team1"": ""D Ferreira"", ""impact_dropped_team2"": ""Glenn Phillips"", ""pitch_multipliers"": {""first_innings_runs"": 1.6986929000000002, ""second_innings_runs"": 1.7190772148, ""first_innings_wickets"": 0.9454, ""second_innings_wickets"": 0.9397276}, ""venue_spin_harshness"": 0.4, ""process_variant"": ""1A"", ""full_playing_twelve"": false, ""pred_first_innings_team_runs"": 200.37157610653333, ""pred_second_innings_team_runs"": 192.50203570592655, ""pred_first_innings_team_wickets"": 2.9512004318859995, ""pred_second_innings_team_wickets"": 3.8180735320000005, ""pred_first_innings_team_wickets_raw_sum"": 2.9512004318859995, ""pred_second_innings_team_wickets_raw_sum"": 3.8180735320000005, ""ml_team_total_runs_team1"": 117.9563275425083, ""ml_team_total_runs_team2"": 111.97986573763208, ""team_run_calibration"": {""method"": ""ml_team_total"", ""scale_team1"": 1.0635976303874894, ""scale_team2"": 1.2811312058618414, ""sum_player_runs_before_team1"": 188.390393492635, ""sum_player_runs_before_team2"": 150.25942294210742}, ""player_process1"": {""heuristic"": ""role_aware_v1"", ""summary"": ""Best bat / top 5 runs exclude pure bowlers when enough batters exist; best bowl / top 3 wickets prefer bowlers and allrounders; POTM uses a role-weighted composite (not the official match award).""}}",Rajasthan Royals,Dhruv Jurel,77.0,Ravi Bishnoi,5.0,Dhruv Jurel,matches/match9_gt_vs_rr.csv,"BBB (repaired CSV): RR 212 (1st), GT 204 (2nd) — Rajasthan Royals won defending. Top runs Dhruv Jurel 77; top wickets Ravi Bishnoi 5. Pred winner RR — winner_correct. POTM vs pred composite (Washington Sundar).",212.0,204.0,True,False,2026-04-04T14:31:09.638768+00:00,2026-04-05T11:33:15.829050+00:00,2026-04-05T11:33:42.936117+00:00,Match9 BBB file had duplicate/corrupt rows — cleaned to 253 balls. Ingest + retrain. Winner pred OK; POTM heuristics vs official Jurel.
match10-srh-lsg-2026-04-05,2026-04-05,"Rajiv Gandhi International Stadium, Hyderabad",Sunrisers Hyderabad,Lucknow Super Giants,True,Sunrisers Hyderabad,0.6646,Abdul Samad,Avesh Khan,"[""Abdul Samad"", ""Abhishek Sharma"", ""LS Livingstone"", ""Ishan Kishan"", ""H Klaasen""]","[""Avesh Khan"", ""Mohammed Shami"", ""Shivam Mavi""]",Abdul Samad,"{""sims"": 5000, ""ensemble_p_team1"": 0.16666666666666666, ""sim_win_probability_team1"": 0.6646, ""leader_model_p_team1"": 0.4237967914438503, ""batting_order_swapped"": false, ""impact_trim_lowest"": true, ""impact_dropped_team1"": ""Shivang Kumar"", ""impact_dropped_team2"": ""Aiden Markram"", ""pitch_multipliers"": {""first_innings_runs"": 1.19654, ""second_innings_runs"": 1.19654, ""first_innings_wickets"": 0.9727, ""second_innings_wickets"": 0.9727}, ""venue_spin_harshness"": 0.38, ""process_variant"": ""1A"", ""full_playing_twelve"": false, ""pred_first_innings_team_runs"": 163.83351962974223, ""pred_second_innings_team_runs"": 154.08194987183643, ""pred_first_innings_team_wickets"": 2.8820914907899495, ""pred_second_innings_team_wickets"": 3.989568687525, ""pred_first_innings_team_wickets_raw_sum"": 2.8820914907899495, ""pred_second_innings_team_wickets_raw_sum"": 3.989568687525, ""ml_team_total_runs_team1"": 117.46558604534677, ""ml_team_total_runs_team2"": 110.47389192156051, ""team_run_calibration"": {""method"": ""ml_team_total"", ""scale_team1"": 0.9842608958079128, ""scale_team2"": 4.684962179849079, ""sum_player_runs_before_team1"": 166.45334618852502, ""sum_player_runs_before_team2"": 32.88862192625}, ""player_process1"": {""heuristic"": ""role_aware_v1"", ""summary"": ""Best bat / top 5 runs exclude pure bowlers when enough batters exist; best bowl / top 3 wickets prefer bowlers and allrounders; POTM uses a role-weighted composite (not the official match award).""}, ""notes"": ""5000 MC sims (re-run). LSG chose to bowl \u2192 SRH bat first. Pitch: examples/pitch_srh_lsg_2026.txt. Impact: Shivam Mavi / Anrich Nortje (1A trim: Shivang Kumar, Aiden Markram).""}",Lucknow Super Giants,Rishabh Pant,67.0,Prince Yadav,3.0,,matches/match10_srh_vs_lsg.csv,BBB re-ingested: SRH 156/9 vs LSG 160/5 — LSG won chasing. Top runs Rishabh Pant 67; top wickets Prince Yadav 3. Pred winner SRH — winner incorrect. POTM blank; potm_correct unset.,156.0,160.0,False,,2026-04-05T12:35:03.333067+00:00,2026-04-06T14:25:08.222684+00:00,2026-04-06T14:25:38.243121+00:00,Process 2–3 re-run after BBB update. Totals 156/160 from innings_runs_and_wickets_from_bbb. Unified build + retrain after post.
match11-rcb-csk-2026-04-05,2026-04-05,"M Chinnaswamy Stadium, Bengaluru",Royal Challengers Bengaluru,Chennai Super Kings,True,Chennai Super Kings,0.4726,MW Short,KH Pandya,"[""MW Short"", ""RD Gaikwad"", ""RM Patidar"", ""TH David"", ""PD Salt""]","[""KH Pandya"", ""B Kumar"", ""Noor Ahmad""]",MW Short,"{""sims"": 5000, ""ensemble_p_team1"": 0.48484848484848486, ""sim_win_probability_team1"": 0.4726, ""leader_model_p_team1"": 0.5241398446170922, ""batting_order_swapped"": false, ""impact_trim_lowest"": true, ""impact_dropped_team1"": ""Jacob Duffy"", ""impact_dropped_team2"": ""Matt Henry"", ""pitch_multipliers"": {""first_innings_runs"": 1.0231, ""second_innings_runs"": 1.0231, ""first_innings_wickets"": 0.9835, ""second_innings_wickets"": 0.9835}, ""venue_spin_harshness"": 0.92, ""process_variant"": ""1A"", ""full_playing_twelve"": false, ""pred_first_innings_team_runs"": 170.5, ""pred_second_innings_team_runs"": 170.5, ""pred_first_innings_team_wickets"": 0.83530592839225, ""pred_second_innings_team_wickets"": 1.8855303676527502, ""pred_first_innings_team_wickets_raw_sum"": 0.83530592839225, ""pred_second_innings_team_wickets_raw_sum"": 1.8855303676527502, ""ml_team_total_runs_team1"": 97.19400621722846, ""ml_team_total_runs_team2"": 100.76399271869407, ""team_run_calibration"": {""method"": ""ml_team_total"", ""scale_team1"": 1.2970126481196977, ""scale_team2"": 4.245171575483071, ""sum_player_runs_before_team1"": 131.45592700824997, ""sum_player_runs_before_team2"": 40.16327655275}, ""player_process1"": {""heuristic"": ""role_aware_v1"", ""summary"": ""Best bat / top 5 runs exclude pure bowlers when enough batters exist; best bowl / top 3 wickets prefer bowlers and allrounders; POTM uses a role-weighted composite (not the official match award).""}, ""notes"": ""Rescored after venue-aware team total lift (batting-friendly grounds). CSK chose to bowl \u2192 RCB bat first. Impact: Suyash Sharma, MW Short. 5000 MC sims.""}",Royal Challengers Bengaluru,Tim David,70.0,Bhuvneshwar Kumar,3.0,Tim David,matches/match11_rcb_vs_csk.csv,BBB ingested: RCB 253/4 vs CSK 176/10 — RCB won. Top runs Tim David 70; top wickets 3 each for Bhuvneshwar Kumar and Jacob Duffy (row uses Bhuvneshwar Kumar). Pred winner CSK — winner incorrect. Pred POTM MW Short vs official Tim David — potm incorrect.,253.0,176.0,False,False,2026-04-05T14:21:10.902241+00:00,2026-04-06T13:49:00.060272+00:00,2026-04-06T13:49:29.254929+00:00,BBB matches/match11_rcb_vs_csk.csv; innings totals verified via innings_runs_and_wickets_from_bbb. Unified build + retrain after post.
match12-kkr-pk-2026-04-06,2026-04-06,"Eden Gardens, Kolkata",Kolkata Knight Riders,Punjab Kings,True,Punjab Kings,0.106,RA Tripathi,AS Roy,"[""RA Tripathi"", ""R Powell"", ""cooper-connolly"", ""shreyas-iyer"", ""prabhsimran-singh""]","[""AS Roy"", ""Navdeep Saini"", ""vijaykumar-vyshak""]",RA Tripathi,"{""sims"": 5000, ""ensemble_p_team1"": 0.02, ""sim_win_probability_team1"": 0.106, ""leader_model_p_team1"": 0.4967261904761905, ""batting_order_swapped"": false, ""impact_trim_lowest"": true, ""impact_dropped_team1"": ""cameron-green"", ""impact_dropped_team2"": ""nehal-wadhera"", ""pitch_multipliers"": {""first_innings_runs"": 1.202224, ""second_innings_runs"": 1.2166506879999999, ""first_innings_wickets"": 0.9692, ""second_innings_wickets"": 0.9633847999999999}, ""venue_spin_harshness"": 0.55, ""process_variant"": ""1A"", ""full_playing_twelve"": false, ""pred_first_innings_team_runs"": 209.5290477314643, ""pred_second_innings_team_runs"": 234.99999999999997, ""pred_first_innings_team_wickets"": 0.5855444529290721, ""pred_second_innings_team_wickets"": 1.2124692000000001, ""pred_first_innings_team_wickets_raw_sum"": 0.5855444529290721, ""pred_second_innings_team_wickets_raw_sum"": 1.2124692000000001, ""ml_team_total_runs_team1"": 174.28453244275966, ""ml_team_total_runs_team2"": 193.28390878963756, ""team_run_calibration"": {""method"": ""ml_team_total"", ""scale_team1"": 2.8533542484822454, ""scale_team2"": 6.68593625229225, ""sum_player_runs_before_team1"": 73.43253920992, ""sum_player_runs_before_team2"": 35.14840571796225}, ""player_process1"": {""heuristic"": ""role_aware_v1"", ""summary"": ""Best bat / top 5 runs exclude pure bowlers when enough batters exist; best bowl / top 3 wickets prefer bowlers and allrounders; POTM uses a role-weighted composite (not the official match award).""}, ""notes"": ""KKR chose to bat \u2192 KKR 1st innings. Impact (1A): RA Tripathi (KKR), priyansh-arya (PBKS); full pools per broadcast also list Blessing Muzarabani/Manish Pandey/Tejasvi Singh/Saurabh Dubey and Suryansh Shedge/Vishnu Vinod/Pravin Dubey/Harpreet Brar. Pitch text: examples/pitch_kkr_pk_2026-04-06.txt. XI passed as explicit stats player_ids; --no-squad-check (registry/squad id alignment). 5000 MC sims.""}",No result,,,,,,,Rain — no result; match abandoned / no completion.,,,skipped_no_result,,2026-04-06T14:18:00.163049+00:00,2026-04-07T13:31:19.473260+00:00,,
match13-rr-mi-2026-04-07,2026-04-07,"Barsapara Cricket Stadium, Guwahati",Rajasthan Royals,Mumbai Indians,True,Mumbai Indians,0.4786666666666667,YBK Jaiswal,TU Deshpande,"[""YBK Jaiswal"", ""SA Yadav"", ""Tilak Varma"", ""SO Hetmyer"", ""RG Sharma""]","[""TU Deshpande"", ""JC Archer"", ""R Parag""]",YBK Jaiswal,"{""pre_match_assessment"": ""unpredictable"", ""pre_match_assessment_note"": ""Marked unpredictable due to variable parameters (conditions, format, inputs)."", ""sims"": 1500, ""ensemble_p_team1"": 0.98, ""sim_win_probability_team1"": 0.4786666666666667, ""leader_model_p_team1"": 0.8459976452385949, ""batting_order_swapped"": false, ""impact_trim_lowest"": false, ""impact_dropped_team1"": null, ""impact_dropped_team2"": null, ""pitch_multipliers"": {""first_innings_runs"": 1.021, ""second_innings_runs"": 1.021, ""first_innings_wickets"": 0.985, ""second_innings_wickets"": 0.985}, ""venue_spin_harshness"": 0.48, ""process_variant"": ""1A"", ""full_playing_twelve"": false, ""pred_first_innings_team_runs"": 173.26050262018634, ""pred_second_innings_team_runs"": 174.8194973798137, ""pred_first_innings_team_wickets"": 2.798787059090909, ""pred_second_innings_team_wickets"": 3.227876340909091, ""pred_first_innings_team_wickets_raw_sum"": 2.798787059090909, ""pred_second_innings_team_wickets_raw_sum"": 3.227876340909091, ""ml_team_total_runs_team1"": 117.97080807519511, ""ml_team_total_runs_team2"": 119.03230719817412, ""team_run_calibration"": {""method"": ""ml_team_total"", ""scale_team1"": 1.8309269386301512, ""scale_team2"": 1.5643749940072382, ""sum_player_runs_before_team1"": 94.62993796454545, ""sum_player_runs_before_team2"": 111.75037829772725}, ""player_process1"": {""heuristic"": ""role_aware_v1"", ""summary"": ""Best bat / top 5 runs exclude pure bowlers when enough batters exist; best bowl / top 3 wickets prefer bowlers and allrounders; POTM uses a role-weighted composite (not the official match award).""}, ""match_conditions_note"": ""Rain-shortened: 11 overs per side, PP 3.2 overs. MI won toss and bowled first (RR bats first in this log). Innings totals below are ~T20-calibrated; treat as directional only in a 11-over game."", ""impact_sub_pools"": {""Rajasthan Royals"": [""Ravi Bishnoi"", ""Ravi Singh"", ""Lhuan-dre Pretorius"", ""Brijesh Sharma"", ""Shubham Dubey""], ""Mumbai Indians"": [""Sherfane Rutherford"", ""Corbin Bosch"", ""Robin Minz"", ""Raj Bawa"", ""Ashwani Kumar""]}, ""xi_input_note"": ""Playing XIs passed with stats-style player_ids (e.g. V Suryavanshi, YBK Jaiswal, JC Archer, TU Deshpande, RD Rickelton, am-ghazanfar). --no-squad-check used so V Suryavanshi matches prepared features (squad CSV uses full name). No impact sub in the 11v11 sim; pools listed for reference only.""}",Rajasthan Royals,Yashasvi Jaiswal,77.0,Sandeep Sharma,2.0,Yashasvi Jaiswal,,"IPL 2026 match 13 (Guwahati): rain-reduced 11 overs per side. RR 150/3 vs MI 123/9, RR won by 27 runs (MI fielded first). Scorecard per ESPNcricinfo / press. Ghazanfar also 2 wickets — top bowler tie broken on Sandeep Sharma.",150.0,123.0,False,False,2026-04-08T13:51:12.809447+00:00,2026-04-17T13:38:50.708536+00:00,,
match14-gt-dc-2026-04-08,2026-04-08,"Arun Jaitley Stadium, Delhi",Gujarat Titans,Delhi Capitals,True,Gujarat Titans,0.602,KL Rahul,Kuldeep Yadav,"[""KL Rahul"", ""T Stubbs"", ""JC Buttler"", ""AR Patel"", ""M Shahrukh Khan""]","[""Kuldeep Yadav"", ""Mukesh Kumar"", ""K Rabada""]",T Stubbs,"{""sims"": 3000, ""ensemble_p_team1"": 0.7419354838709677, ""sim_win_probability_team1"": 0.602, ""leader_model_p_team1"": 0.5417658856894889, ""batting_order_swapped"": false, ""impact_trim_lowest"": false, ""impact_dropped_team1"": null, ""impact_dropped_team2"": null, ""pitch_multipliers"": {""first_innings_runs"": 1.68192264, ""second_innings_runs"": 1.68192264, ""first_innings_wickets"": 0.9601000000000001, ""second_innings_wickets"": 0.9601000000000001}, ""venue_spin_harshness"": 0.0, ""process_variant"": ""1A"", ""full_playing_twelve"": false, ""pred_first_innings_team_runs"": 208.26480112787172, ""pred_second_innings_team_runs"": 200.45285383326637, ""pred_first_innings_team_wickets"": 3.213706944454546, ""pred_second_innings_team_wickets"": 3.4515595000000006, ""pred_first_innings_team_wickets_raw_sum"": 3.213706944454546, ""pred_second_innings_team_wickets_raw_sum"": 3.4515595000000006, ""ml_team_total_runs_team1"": 123.82543416376849, ""ml_team_total_runs_team2"": 119.180781009801, ""team_run_calibration"": {""method"": ""ml_team_total"", ""scale_team1"": 1.0336012868428088, ""scale_team2"": 1.557927833264443, ""sum_player_runs_before_team1"": 201.49433227199998, ""sum_player_runs_before_team2"": 128.66632815285317}, ""player_process1"": {""heuristic"": ""role_aware_v1"", ""summary"": ""Best bat / top 5 runs exclude pure bowlers when enough batters exist; best bowl / top 3 wickets prefer bowlers and allrounders; POTM uses a role-weighted composite (not the official match award).""}, ""pitch_recalc_note"": ""Recalibrated for Arun Jaitley: pitch text cited ~198 first-innings average and 250/runs galore \u2014 stronger par lifts + Kotla venue nudge + high-par blend (see iplpred/core/match_context.py, match_simulator _blend). XIs: predictions/match14_gt_vs_dc_match.json."", ""impact_sub_pools"": {""Gujarat Titans"": [""Prasidh Krishna"", ""Jason Holder"", ""Manav Suthar"", ""Jayant Yadav"", ""Anuj Rawat""], ""Delhi Capitals"": [""Ashutosh Sharma"", ""Auqib Nabi Dar"", ""Sameer Rizvi"", ""Dushmantha Chameera"", ""Karun Nair""]}, ""xi_input_note"": ""DC chose to bowl first \u2192 GT bats first. Recalc uses match14_gt_vs_dc_match.json; stats-style ids where needed (--no-squad-check). Impact pools for reference only.""}",Gujarat Titans,KL Rahul,91.0,Rashid Khan,3.0,Rashid Khan,matches/match14_dc_vs_gt.csv,BBB: GT 210 (1st) vs DC 209 (chase). Rashid Khan 3/38 and Prasidh Krishna 3/32 (Rashid first to 3 wkts in sequence). Top runs KL Rahul 91. POTM set to Rashid Khan — correct in post if official award differed.,210.0,209.0,True,False,2026-04-08T17:26:00.107628+00:00,2026-04-09T13:45:26.316774+00:00,2026-04-09T13:45:31.106505+00:00,Winner + best bat (KL Rahul) aligned with pre. High-scoring Kotla recalibration (~208/200 pred vs 210/209 actual) in range. Review top-3 bowl order vs Rashid/Prasidh 3-fers for future tie-break rule.
match15-kkr-lsg-2026-04-09,2026-04-09,"Eden Gardens, Kolkata",Kolkata Knight Riders,Lucknow Super Giants,True,Lucknow Super Giants,0.4366666666666666,N Pooran,AS Roy,"[""N Pooran"", ""MR Marsh"", ""AM Rahane"", ""AK Markram"", ""C Green""]","[""AS Roy"", ""Avesh Khan"", ""SP Narine""]",N Pooran,"{""sims"": 3000, ""ensemble_p_team1"": 0.48484848484848486, ""sim_win_probability_team1"": 0.43666666666666665, ""leader_model_p_team1"": 0.5504531419772087, ""batting_order_swapped"": false, ""impact_trim_lowest"": false, ""impact_dropped_team1"": null, ""impact_dropped_team2"": null, ""pitch_multipliers"": {""first_innings_runs"": 1.021, ""second_innings_runs"": 1.045504, ""first_innings_wickets"": 0.985, ""second_innings_wickets"": 0.9731799999999999}, ""venue_spin_harshness"": 0.55, ""process_variant"": ""1A"", ""full_playing_twelve"": false, ""pred_first_innings_team_runs"": 184.7310595044956, ""pred_second_innings_team_runs"": 188.0689404955045, ""pred_first_innings_team_wickets"": 2.6470024892409088, ""pred_second_innings_team_wickets"": 2.606005545454545, ""pred_first_innings_team_wickets_raw_sum"": 2.6470024892409088, ""pred_second_innings_team_wickets_raw_sum"": 2.606005545454545, ""ml_team_total_runs_team1"": 154.31627970096088, ""ml_team_total_runs_team2"": 153.42246100906547, ""team_run_calibration"": {""method"": ""ml_team_total"", ""scale_team1"": 1.3676746750944384, ""scale_team2"": 1.6343097300096077, ""sum_player_runs_before_team1"": 135.06944514545452, ""sum_player_runs_before_team2"": 115.07545787810909}, ""player_process1"": {""heuristic"": ""role_aware_v1"", ""summary"": ""Best bat / top 5 runs exclude pure bowlers when enough batters exist; best bowl / top 3 wickets prefer bowlers and allrounders; POTM uses a role-weighted composite (not the official match award).""}, ""impact_sub_pools"": {""Kolkata Knight Riders"": [""Manish Pandey"", ""Vaibhav Arora"", ""Tejasvi Dahiya"", ""Rahul Tripathi"", ""Tim Seifert""], ""Lucknow Super Giants"": [""Ayush Badoni"", ""Matthew Breetzke"", ""Shahbaz Ahmad"", ""Mayank Yadav"", ""Himmat Singh""]}, ""xi_input_note"": ""LSG won toss, bowled first \u2192 KKR bats first. Stats ids in match JSON (e.g. RK Singh, MR Marsh, mukul-choudhary, DS Rathi); --no-squad-check. Eden pitch report: high-scoring Eden, drier patches, swing early, spin from one end; rain/chase/DL mentioned.""}",Lucknow Super Giants,Mukul Choudhary,56.0,Vaibhav Arora,2.0,Mukul Choudhary,matches/match15_kkr_vs_lsg.csv,BBB: KKR 181 (1st) vs LSG 182 (chase). Top runs mukul-choudhary 56; Ayush Badoni 52. Top wkts Vaibhav Arora 2 & Anukul Roy 2 (Arora first to 2 in sequence). Pred LSG win + innings totals in ballpark (~185/188 pred vs 181/182). POTM set to Mukul Choudhary — correct if official differed.,181.0,182.0,True,False,2026-04-09T13:54:55.425734+00:00,2026-04-09T19:49:27.753019+00:00,2026-04-09T19:49:31.698711+00:00,Winner correct; calibrated totals close to actual. POTM/composite vs official award may differ; BBB has impact-player runs (Mukul/Ayush) — note for future display-name mapping from slugs.
match16-rcb-rr-2026-04-10,2026-04-10,"Barsapara Cricket Stadium, Guwahati",Royal Challengers Bengaluru,Rajasthan Royals,True,Royal Challengers Bengaluru,0.569,Dhruv Jurel,Ravi Bishnoi,"[""Dhruv Jurel"", ""SO Hetmyer"", ""YBK Jaiswal"", ""PD Salt"", ""RA Jadeja""]","[""Ravi Bishnoi"", ""JR Hazlewood"", ""JC Archer""]",Dhruv Jurel,"{""sims"": 3000, ""ensemble_p_team1"": 0.16666666666666666, ""sim_win_probability_team1"": 0.569, ""leader_model_p_team1"": 0.47269946510307703, ""batting_order_swapped"": false, ""impact_trim_lowest"": true, ""impact_dropped_team1"": ""abhinandan-singh"", ""impact_dropped_team2"": ""brijesh-sharma"", ""pitch_multipliers"": {""first_innings_runs"": 1.0105, ""second_innings_runs"": 1.022626, ""first_innings_wickets"": 0.9925, ""second_innings_wickets"": 0.986545}, ""venue_spin_harshness"": 0.48, ""process_variant"": ""1A"", ""full_playing_twelve"": false, ""pred_first_innings_team_runs"": 176.13461334348608, ""pred_second_innings_team_runs"": 171.9453866565139, ""pred_first_innings_team_wickets"": 3.0422857670100005, ""pred_second_innings_team_wickets"": 2.6769789400000006, ""pred_first_innings_team_wickets_raw_sum"": 3.0422857670100005, ""pred_second_innings_team_wickets_raw_sum"": 2.6769789400000006, ""ml_team_total_runs_team1"": 120.33668025016208, ""ml_team_total_runs_team2"": 116.08158557906941, ""team_run_calibration"": {""method"": ""ml_team_total"", ""scale_team1"": 1.0874316361928376, ""scale_team2"": 1.6779614794967432, ""sum_player_runs_before_team1"": 161.97304499999998, ""sum_player_runs_before_team2"": 102.47278543491002}, ""player_process1"": {""heuristic"": ""role_aware_v1"", ""summary"": ""Best bat / top 5 runs exclude pure bowlers when enough batters exist; best bowl / top 3 wickets prefer bowlers and allrounders; POTM uses a role-weighted composite (not the official match award).""}, ""impact_sub_pools"": {""Royal Challengers Bengaluru"": [""Suyash Sharma"", ""Jacob Bethell"", ""Rasikh Salam Dar"", ""Kanishk Chouhan"", ""Venkatesh Iyer""], ""Rajasthan Royals"": [""Vaibhav Sooryavanshi"", ""Lhuan-dre Pretorius"", ""Ravi Singh"", ""Shubham Dubey"", ""Tushar Deshpande""]}, ""xi_input_note"": ""RR won toss, bowled first \u2192 RCB bats first. Rain: toss ~30 min late; further start delay \u2014 possible reduced overs / soft outfield. Impact subs passed: Suyash Sharma (RCB), vaibhav-sooryavanshi (RR). Registry ids: abhinandan-singh, brijesh-sharma; RA Jadeja / Ravi Bishnoi cross-franchise history; --no-squad-check. Guwahati: same strip as RR vs MI; batting-friendly, pace/bounce consistent.""}",Rajasthan Royals,Dhruv Jurel,81.0,Jofra Archer,2.0,Dhruv Jurel,matches/match16_rr_vs_rcb.csv,RCB 201/8 (1st) vs RR 202/4; RR chase. Five bowlers took 2 wickets; Archer listed as joint-high by BBB sort. Innings totals from BBB via log script.,201.0,202.0,False,True,2026-04-10T14:50:37.805252+00:00,2026-04-11T11:07:21.998813+00:00,2026-04-11T11:07:24.037690+00:00,BBB ingested; identity slugs consistent. Winner miss (model favored RCB ~57%). Top-5 bat order differed from actual; POTM aligned (Jurel). Rebuild + retrain completed after match.
match17-srh-pk-2026-04-11,2026-04-11,"Maharaja Yadavindra Singh International Cricket Stadium, Mullanpur, New Chandigarh",Sunrisers Hyderabad,Punjab Kings,True,Sunrisers Hyderabad,0.8473333333333334,TM Head,JD Unadkat,"[""TM Head"", ""MP Stoinis"", ""H Klaasen"", ""Shashank Singh"", ""SS Iyer""]","[""JD Unadkat"", ""Arshdeep Singh"", ""Vijaykumar Vyshak""]",TM Head,"{""sims"": 3000, ""ensemble_p_team1"": 0.5714285714285714, ""sim_win_probability_team1"": 0.8473333333333334, ""leader_model_p_team1"": 0.4111469707840643, ""batting_order_swapped"": false, ""impact_trim_lowest"": true, ""impact_dropped_team1"": ""salil-arora"", ""impact_dropped_team2"": ""nehal-wadhera"", ""pitch_multipliers"": {""first_innings_runs"": 0.9832, ""second_innings_runs"": 0.9949984, ""first_innings_wickets"": 1.012, ""second_innings_wickets"": 1.005928}, ""venue_spin_harshness"": 0.55, ""process_variant"": ""1A"", ""full_playing_twelve"": false, ""pred_first_innings_team_runs"": 196.57936524491748, ""pred_second_innings_team_runs"": 172.70281320590848, ""pred_first_innings_team_wickets"": 2.4895388263776796, ""pred_second_innings_team_wickets"": 2.74607718, ""pred_first_innings_team_wickets_raw_sum"": 2.4895388263776796, ""pred_second_innings_team_wickets_raw_sum"": 2.74607718, ""ml_team_total_runs_team1"": 119.4429213681651, ""ml_team_total_runs_team2"": 111.9812552565547, ""team_run_calibration"": {""method"": ""ml_team_total"", ""scale_team1"": 1.6538663765474138, ""scale_team2"": 1.6839008781583016, ""sum_player_runs_before_team1"": 118.86048838800001, ""sum_player_runs_before_team2"": 102.56115157727999}, ""dynamic_batting_par_mult"": {""team1"": 1.0799507326007327, ""team2"": 1.0}, ""player_process1"": {""heuristic"": ""role_aware_v1"", ""summary"": ""Best bat / top 5 runs exclude pure bowlers when enough batters exist; best bowl / top 3 wickets prefer bowlers and allrounders; POTM uses a role-weighted composite (not the official match award).""}}",Punjab Kings,Abhishek Sharma,74.0,Shivang Kumar,3.0,Shreyas Iyer,matches/match17_pbks_vs_srh.csv,"Corrected from Tie: Punjab Kings won the match (user/official result). BBB aggregates show 223 v 223 in main innings — if resolution was super over or card shows different chase total, amend runs here.",223.0,223.0,False,False,2026-04-11T10:44:57.535333+00:00,2026-04-17T13:41:31.172939+00:00,,
IPL2026-M18-csk-dc,2026-04-11,"MA Chidambaram Stadium, Chennai",Chennai Super Kings,Delhi Capitals,True,Delhi Capitals,0.4978067510696584,KL Rahul,T Natarajan,"[""KL Rahul"", ""RD Gaikwad"", ""Sameer Rizvi"", ""Sanju Samson"", ""Shivam Dube""]","[""T Natarajan"", ""Kuldeep Yadav"", ""Mukesh Kumar""]",KL Rahul,"{""sims"": 300, ""win_probability_basis"": ""hybrid_ensemble"", ""ensemble_p_team1"": 0.49780675106965844, ""sim_win_probability_team1"": 0.6533333333333333, ""leader_model_p_team1"": 0.4881244807685403, ""batting_order_swapped"": false, ""impact_trim_lowest"": false, ""impact_dropped_team1"": null, ""impact_dropped_team2"": null, ""pitch_multipliers"": {""first_innings_runs"": 1.15594, ""second_innings_runs"": 1.15594, ""first_innings_wickets"": 0.9976999999999999, ""second_innings_wickets"": 0.9976999999999999}, ""venue_spin_harshness"": 0.15, ""process_variant"": ""1A"", ""full_playing_twelve"": false, ""pred_first_innings_team_runs"": 183.065706023968, ""pred_second_innings_team_runs"": 171.34470714493474, ""pred_first_innings_team_wickets"": 2.2185808933239994, ""pred_second_innings_team_wickets"": 0.7131108786987499, ""pred_first_innings_team_wickets_raw_sum"": 2.2185808933239994, ""pred_second_innings_team_wickets_raw_sum"": 0.7131108786987499, ""ml_team_total_runs_team1"": 153.28380013620495, ""ml_team_total_runs_team2"": 146.8421327547291, ""team_run_calibration"": {""method"": ""ml_team_total"", ""scale_team1"": 4.416757825206099, ""scale_team2"": 2.520095756613841, ""sum_player_runs_before_team1"": 41.44798362709092, ""sum_player_runs_before_team2"": 67.99134782686365}, ""dynamic_batting_par_mult"": {""team1"": 1.0224100081168392, ""team2"": 1.0}, ""player_process1"": {""heuristic"": ""role_aware_v1"", ""summary"": ""Best bat / top 5 runs exclude pure bowlers when enough batters exist; best bowl / top 3 wickets prefer bowlers and allrounders; POTM uses a role-weighted composite (not the official match award).""}}",Chennai Super Kings,Sanju Samson,115.0,Jamie Overton,4.0,Sanju Samson,matches/match18_csk_vs_dc.csv,POTM assumed top scorer if official award differs.,212.0,192.0,False,False,2026-04-11T14:48:39.001608+00:00,2026-04-12T10:52:57.820354+00:00,,
match19-lsg-gt-2026-04-12,2026-04-12,"Bharat Ratna Shri Atal Bihari Vajpayee Ekana Cricket Stadium, Lucknow",Lucknow Super Giants,Gujarat Titans,True,Gujarat Titans,0.1013973565795885,JC Buttler,A Badoni,"[""JC Buttler"", ""B Sai Sudharsan"", ""MR Marsh"", ""N Pooran"", ""AK Markram""]","[""A Badoni"", ""Avesh Khan"", ""M Prasidh Krishna""]",JC Buttler,"{""sims"": 3000, ""win_probability_basis"": ""hybrid_ensemble"", ""ensemble_p_team1"": 0.10139735657958858, ""sim_win_probability_team1"": 0.15466666666666667, ""leader_model_p_team1"": 0.5574224197892468, ""batting_order_swapped"": false, ""impact_trim_lowest"": true, ""impact_dropped_team1"": ""mukul-choudhary"", ""impact_dropped_team2"": ""Glenn Phillips"", ""pitch_multipliers"": {""first_innings_runs"": 0.9797, ""second_innings_runs"": 0.9797, ""first_innings_wickets"": 1.0145, ""second_innings_wickets"": 1.0145}, ""venue_spin_harshness"": 0.0, ""process_variant"": ""1A"", ""full_playing_twelve"": false, ""pred_first_innings_team_runs"": 163.98496687173625, ""pred_second_innings_team_runs"": 185.32309096033126, ""pred_first_innings_team_wickets"": 3.1444922068750003, ""pred_second_innings_team_wickets"": 4.2247838, ""pred_first_innings_team_wickets_raw_sum"": 3.1444922068750003, ""pred_second_innings_team_wickets_raw_sum"": 4.2247838, ""ml_team_total_runs_team1"": 121.17382036049706, ""ml_team_total_runs_team2"": 120.55048681084185, ""team_run_calibration"": {""method"": ""ml_team_total"", ""scale_team1"": 1.3301982666959156, ""scale_team2"": 1.3604522259307237, ""sum_player_runs_before_team1"": 123.2785901, ""sum_player_runs_before_team2"": 136.221682340625}, ""dynamic_batting_par_mult"": {""team1"": 1.0521300713012478, ""team2"": 1.12}, ""player_process1"": {""heuristic"": ""role_aware_v1"", ""summary"": ""Best bat / top 5 runs exclude pure bowlers when enough batters exist; best bowl / top 3 wickets prefer bowlers and allrounders; POTM uses a role-weighted composite (not the official match award).""}, ""process1_input_notes"": ""GT won toss, elected to bowl (LSG bats first). Impact subs modeled: LSG MP Yadav (Mayank Yadav), GT M Shahrukh Khan. CLI used --no-squad-check; XI uses stats ids aligned to BBB/registry (e.g. mukul-choudhary, DS Rathi, ashok-sharma, M Prasidh Krishna, R Tewatia). Pitch/commentary from Ekana TV report (dry/hard, batting-friendly, possible later turn).""}",Gujarat Titans,JC Buttler,60.0,M Prasidh Krishna,4.0,M Prasidh Krishna,matches/match19_lsg_vs_gt.csv,"Process 2: BBB ingested, retrain complete. GT chased 165 (7 wkts, 8 balls left); LSG 164/8. POTM Prasidh 4/24.",164.0,165.0,True,False,2026-04-12T11:02:35.133316+00:00,2026-04-12T13:46:44.621045+00:00,2026-04-12T13:46:46.836054+00:00,BBB clean; unified dataset + models refreshed. Pre POTM (JC Buttler) vs official (M Prasidh Krishna).
match20-mi-rcb-2026-04-12,2026-04-12,"Wankhede Stadium, Mumbai",Royal Challengers Bengaluru,Mumbai Indians,True,Royal Challengers Bengaluru,0.98,SA Yadav,JJ Bumrah,"[""SA Yadav"", ""V Kohli"", ""D Padikkal"", ""PD Salt"", ""RM Patidar""]","[""JJ Bumrah"", ""TA Boult"", ""SN Thakur""]",SA Yadav,"{""sims"": 3000, ""win_probability_basis"": ""hybrid_ensemble"", ""ensemble_p_team1"": 0.98, ""sim_win_probability_team1"": 0.866, ""leader_model_p_team1"": 0.4026430634042504, ""batting_order_swapped"": true, ""impact_trim_lowest"": true, ""impact_dropped_team1"": ""Jacob Duffy"", ""impact_dropped_team2"": ""RG Sharma"", ""pitch_multipliers"": {""first_innings_runs"": 1.1673079999999998, ""second_innings_runs"": 1.1813156959999997, ""first_innings_wickets"": 0.9907, ""second_innings_wickets"": 0.9847558000000001}, ""venue_spin_harshness"": 0.78, ""process_variant"": ""1A"", ""full_playing_twelve"": false, ""pred_first_innings_team_runs"": 239.75984151142856, ""pred_second_innings_team_runs"": 208.16360419555053, ""pred_first_innings_team_wickets"": 4.1653368236886, ""pred_second_innings_team_wickets"": 2.1884206348000004, ""pred_first_innings_team_wickets_raw_sum"": 4.1653368236886, ""pred_second_innings_team_wickets_raw_sum"": 2.1884206348000004, ""ml_team_total_runs_team1"": 128.4017587160953, ""ml_team_total_runs_team2"": 124.01434236140564, ""team_run_calibration"": {""method"": ""ml_team_total"", ""scale_team1"": 1.4849541138170645, ""scale_team2"": 1.4015219658678308, ""sum_player_runs_before_team1"": 161.45942779007999, ""sum_player_runs_before_team2"": 148.52682245807995}, ""dynamic_batting_par_mult"": {""team1"": 1.1015760593017458, ""team2"": 1.090675510851849}, ""process1_input_notes"": ""Toss: Mumbai Indians chose to bowl (RCB bats first). Impact bench pools \u2014 RCB: Rasikh Salam Dar, Venkatesh Iyer, Jacob Bethell, Swapnil Singh, Mangesh Yadav; MI: Sherfane Rutherford, Corbin Bosch, Ashwani Kumar, Raghu Sharma, Raj Bawa. Impact subs modeled: SE Rutherford (MI), JG Bethell (RCB) (prepared-stats ids). Playing XI passed as player_features ids (e.g. RG Sharma, RD Rickelton, D Padikkal, HH Pandya, JJ Bumrah, MJ Santner, TA Boult, M Markande); --no-squad-check for id/csv naming alignment. Pitch: Wankhede \u2014 short boundaries, high six count, seam movement early, chase often strong."", ""player_process1"": {""heuristic"": ""role_aware_v1"", ""summary"": ""Best bat / top 5 runs exclude pure bowlers when enough batters exist; best bowl / top 3 wickets prefer bowlers and allrounders; POTM uses a role-weighted composite (not the official match award).""}}",Royal Challengers Bengaluru,PD Salt,78.0,Suyash Sharma,2.0,Philip Salt,matches/match20_mi_vs_rcb.csv,"Process 2: BBB ingested, retrain complete. RCB defended 240/4; MI 222/5 (18 runs). Hybrid had P(RCB)98% vs MC 86.6% / ML 40.3%.",240.0,222.0,True,False,2026-04-12T14:07:33.575956+00:00,2026-04-13T13:29:25.612821+00:00,2026-04-13T13:29:28.124265+00:00,BBB clean; models refreshed. Pre POTM (SA Yadav) vs official (Philip Salt). Winner call aligned with result.
match21-srh-rr-2026-04-13,2026-04-13,"Rajiv Gandhi International Stadium, Hyderabad",Sunrisers Hyderabad,Rajasthan Royals,True,Rajasthan Royals,0.02,Dhruv Jurel,Ravi Bishnoi,"[""Dhruv Jurel"", ""YBK Jaiswal"", ""SO Hetmyer"", ""RA Jadeja"", ""Ishan Kishan""]","[""Ravi Bishnoi"", ""TU Deshpande"", ""JC Archer""]",Dhruv Jurel,"{""sims"": 3000, ""win_probability_basis"": ""hybrid_ensemble"", ""ensemble_p_team1"": 0.02, ""sim_win_probability_team1"": 0.18033333333333335, ""leader_model_p_team1"": 0.41313877510782293, ""batting_order_swapped"": false, ""impact_trim_lowest"": true, ""impact_dropped_team1"": ""salil-arora"", ""impact_dropped_team2"": ""D Ferreira"", ""pitch_multipliers"": {""first_innings_runs"": 1.5576999999999999, ""second_innings_runs"": 1.6137772, ""first_innings_wickets"": 0.9481, ""second_innings_wickets"": 0.9310342}, ""venue_spin_harshness"": 0.38, ""process_variant"": ""1A"", ""full_playing_twelve"": false, ""pred_first_innings_team_runs"": 186.37742412429796, ""pred_second_innings_team_runs"": 208.7875459114635, ""pred_first_innings_team_wickets"": 4.039650324867, ""pred_second_innings_team_wickets"": 2.3776842891250003, ""pred_first_innings_team_wickets_raw_sum"": 4.039650324867, ""pred_second_innings_team_wickets_raw_sum"": 2.3776842891250003, ""ml_team_total_runs_team1"": 116.36584469226547, ""ml_team_total_runs_team2"": 123.54615886878044, ""team_run_calibration"": {""method"": ""ml_team_total"", ""scale_team1"": 1.0353641881901297, ""scale_team2"": 1.3725845554019758, ""sum_player_runs_before_team1"": 180.01146480650002, ""sum_player_runs_before_team2"": 152.11270233936}, ""dynamic_batting_par_mult"": {""team1"": 1.0799507326007327, ""team2"": 1.0481341991341993}, ""process1_input_notes"": ""Fixture SRH vs RR, Hyderabad, 2026-04-13. Toss: RR chose to bowl (SRH 1st). Pitch text includes prior SRH\u2013RR ~500+ runs combined + belter/short boundaries/fours/sixes/dew chase \u2014 stronger run multipliers (see pitch_multipliers vs earlier short snippet). parse_pitch_report now treats cited ~500-run aggregates as high-par. Impact benches as before; modeled HV Patel + SO Hetmyer. XI proxies: Praful Hinge\u2192JD Unadkat, Lhuan-dre Pretorius\u2192D Pretorius; salil-arora/shivang-kumar ids; --no-squad-check. Hybrid headline P(SRH)=2% vs MC ~18% / ML ~41%. Corrected live snapshot (narrative only; not inputs to this pre run): RR chasing 217; 4/4 after 2 overs (not 104/4), then 5th wicket down as well \u2014 five wickets lost, five in hand. At that early stage still roughly 213 off 108 (~11.83 RPO) but half the batting unit gone. Post-hoc: pre-match outputs leaned RR heavily and were a bad match for this chase once the top order vaporized; meaningful in-play odds need Process 2/3 + BBB, not Process 1."", ""player_process1"": {""heuristic"": ""role_aware_v1"", ""summary"": ""Best bat / top 5 runs exclude pure bowlers when enough batters exist; best bowl / top 3 wickets prefer bowlers and allrounders; POTM uses a role-weighted composite (not the official match award).""}}",Sunrisers Hyderabad,Ishan Kishan,91.0,Praful Hinge,4.0,,matches/match21_srh_vs_rr.csv,"Process 2: BBB matches/match21_srh_vs_rr.csv. SRH 216/6; RR 159 all out (57 short). Pre-match hybrid P(SRH)~2%, pred_winner RR - wrong. BBB: Sakib Hussain also 4 wickets (tied top); Praful Hinge listed as top bowler for log.",216.0,159.0,False,False,2026-04-13T16:08:43.382712+00:00,2026-04-14T13:36:24.207186+00:00,,
match22-csk-kkr-2026-04-14,2026-04-14,"MA Chidambaram Stadium, Chennai",Chennai Super Kings,Kolkata Knight Riders,True,Chennai Super Kings,0.98,SV Samson,CV Varun,"[""SV Samson"", ""C Green"", ""RD Gaikwad"", ""AM Rahane"", ""S Dube""]","[""CV Varun"", ""Noor Ahmad"", ""VG Arora""]",SV Samson,"{""sims"": 3000, ""win_probability_basis"": ""hybrid_ensemble"", ""ensemble_p_team1"": 0.98, ""sim_win_probability_team1"": 0.931, ""leader_model_p_team1"": 0.5513319783811761, ""batting_order_swapped"": false, ""impact_trim_lowest"": true, ""impact_dropped_team1"": ""gurjapneet-singh"", ""impact_dropped_team2"": ""R Powell"", ""pitch_multipliers"": {""first_innings_runs"": 1.1746159999999999, ""second_innings_runs"": 1.1746159999999999, ""first_innings_wickets"": 0.9862, ""second_innings_wickets"": 0.9862}, ""venue_spin_harshness"": 0.15, ""process_variant"": ""1A"", ""full_playing_twelve"": false, ""pred_first_innings_team_runs"": 177.01806697503406, ""pred_second_innings_team_runs"": 146.2338682313666, ""pred_first_innings_team_wickets"": 3.8625336614999997, ""pred_second_innings_team_wickets"": 1.8314695544999997, ""pred_first_innings_team_wickets_raw_sum"": 3.8625336614999997, ""pred_second_innings_team_wickets_raw_sum"": 1.8314695544999997, ""ml_team_total_runs_team1"": 124.29345400881495, ""ml_team_total_runs_team2"": 114.04121600679565, ""team_run_calibration"": {""method"": ""ml_team_total"", ""scale_team1"": 1.5369482533720686, ""scale_team2"": 1.3580252738660041, ""sum_player_runs_before_team1"": 115.17503376359997, ""sum_player_runs_before_team2"": 107.68125678182}, ""dynamic_batting_par_mult"": {""team1"": 1.081607642844485, ""team2"": 1.0}, ""player_process1"": {""heuristic"": ""role_aware_v1"", ""summary"": ""Best bat / top 5 runs exclude pure bowlers when enough batters exist; best bowl / top 3 wickets prefer bowlers and allrounders; POTM uses a role-weighted composite (not the official match award).""}}",Chennai Super Kings,SV Samson,47.0,Noor Ahmad,3.0,SV Samson,matches/match22_csk_vs_kkr.csv,"Process 2 from BBB matches/match22_csk_vs_kkr.csv. CSK 192/5 (1st), KKR 160/7. Pre hybrid P(CSK) 98% — winner correct. Top runs: SV Samson 47; Brevis 41 (KKR). Top wickets: Noor Ahmad 3 (Kamboj, Tyagi 2 each).",192.0,160.0,True,True,2026-04-14T14:07:11.656070+00:00,2026-04-15T13:44:43.457989+00:00,2026-04-15T13:44:45.918264+00:00,BBB clean; innings totals auto-filled from CSV. POTM aligned with top scorer for log (composite pre-POTM was also Samson). High win prob bin worth monitoring but this result consistent with CSK defend.
match23-rcb-lsg-2026-04-15,2026-04-15,"M.Chinnaswamy Stadium, Bengaluru",Lucknow Super Giants,Royal Challengers Bengaluru,True,Royal Challengers Bengaluru,1e-06,V Kohli,R Shepherd,"[""V Kohli"", ""RM Patidar"", ""TH David"", ""RR Pant"", ""PD Salt""]","[""R Shepherd"", ""KH Pandya"", ""B Kumar""]",V Kohli,"{""sims"": 3000, ""win_probability_basis"": ""hybrid_ensemble"", ""ensemble_p_team1"": 1e-06, ""sim_win_probability_team1"": 0.20566666666666666, ""leader_model_p_team1"": 0.5089653406309016, ""batting_order_swapped"": false, ""impact_trim_lowest"": false, ""impact_dropped_team1"": null, ""impact_dropped_team2"": null, ""pitch_multipliers"": {""first_innings_runs"": 1.1608119999999997, ""second_innings_runs"": 1.1747417439999996, ""first_innings_wickets"": 0.9947, ""second_innings_wickets"": 0.9887318}, ""venue_spin_harshness"": 0.92, ""process_variant"": ""1B"", ""full_playing_twelve"": true, ""pred_first_innings_team_runs"": 171.26869891905935, ""pred_second_innings_team_runs"": 216.68512729970445, ""pred_first_innings_team_wickets"": 2.776376215850848, ""pred_second_innings_team_wickets"": 1.7539030276145886, ""pred_first_innings_team_wickets_raw_sum"": 2.776376215850848, ""pred_second_innings_team_wickets_raw_sum"": 1.7539030276145886, ""ml_team_total_runs_team1"": 114.22752798664696, ""ml_team_total_runs_team2"": 132.6568452082006, ""team_run_calibration"": {""method"": ""ml_team_total"", ""scale_team1"": 1.8495101801873444, ""scale_team2"": 2.2989633625085264, ""sum_player_runs_before_team1"": 92.60219313943482, ""sum_player_runs_before_team2"": 94.25340604961504}, ""dynamic_batting_par_mult"": {""team1"": 1.0156197478991595, ""team2"": 1.12}, ""headline_execution_noise"": {""enabled"": true, ""runs_scale"": 0.18, ""wickets_scale"": 0.2, ""seed"": 42}, ""chase_innings_coherence"": {""applied"": true, ""first_innings_target"": 171.26869891905935, ""second_before"": 255.0, ""second_after"": 216.68512729970448, ""max_excess_runs"": 45.41642838064514, ""cap_ceiling"": 216.68512729970448}, ""player_process1"": {""heuristic"": ""role_aware_v1"", ""summary"": ""Best bat / top 5 runs exclude pure bowlers when enough batters exist; best bowl / top 3 wickets prefer bowlers and allrounders; POTM uses a role-weighted composite (not the official match award).""}}",Royal Challengers Bengaluru,V Kohli,47.0,Rasikh Salam,4.0,V Kohli,matches/match23_lsg_vs_rcb.csv,Process 2 from BBB matches/match23_lsg_vs_rcb.csv. LSG 146/10; RCB 147/5 (5 wkts). Pre hybrid P(LSG)~0% — pred_winner RCB correct. Top runs: V Kohli 47; Marsh 40; Mukul Choudhary 39; Badoni 38. Wickets: Rasikh Salam Dar 4; B Kumar & Prince Yadav 3 each.,146.0,147.0,True,True,2026-04-15T14:12:01.754794+00:00,2026-04-16T13:36:07.161198+00:00,2026-04-16T13:36:09.608208+00:00,BBB uploaded match23_lsg_vs_rcb.csv. First innings 146 vs pre ~171; chase coherence cap applied in later pre exports. Winner/POTM aligned with model; review high-confidence hybrid vs ML/MC spread on similar Chinnaswamy chases.
match24-mi-pbks-2026-04-16,2026-04-16,"Wankhede Stadium, Mumbai",Mumbai Indians,Punjab Kings,True,Mumbai Indians,0.8096,Tilak Varma,JJ Bumrah,"[""Tilak Varma"", ""N Wadhera"", ""Naman Dhir"", ""MP Stoinis"", ""SS Iyer""]","[""JJ Bumrah"", ""Arshdeep Singh"", ""SN Thakur""]",Tilak Varma,"{""sims"": 3000, ""win_probability_basis"": ""hybrid_ensemble"", ""ensemble_p_team1"": 0.8096, ""sim_win_probability_team1"": 0.8003333333333333, ""leader_model_p_team1"": 0.5365445101103602, ""batting_order_swapped"": false, ""impact_trim_lowest"": false, ""impact_dropped_team1"": null, ""impact_dropped_team2"": null, ""pitch_multipliers"": {""first_innings_runs"": 1.0315, ""second_innings_runs"": 1.043878, ""first_innings_wickets"": 0.9775, ""second_innings_wickets"": 0.971635}, ""venue_spin_harshness"": 0.78, ""process_variant"": ""1B"", ""full_playing_twelve"": true, ""prepared_data_substitutions"": ""Announced MI XI includes Mayank Rawat and impact AM Ghazanfar; PBKS XI includes Cooper Connolly. Those names have no rows in player_features.csv. RF inputs use Ashwani Kumar (XI), C Bosch (impact), and Suryansh Shedge (Connolly slot). Impact Nehal Wadhera resolves as N Wadhera."", ""pred_first_innings_team_runs"": 206.84253410780633, ""pred_second_innings_team_runs"": 212.53188493571272, ""pred_first_innings_team_wickets"": 3.0409169215190737, ""pred_second_innings_team_wickets"": 2.8226210338047024, ""pred_first_innings_team_wickets_raw_sum"": 3.0409169215190737, ""pred_second_innings_team_wickets_raw_sum"": 2.8226210338047024, ""ml_team_total_runs_team1"": 123.92078033600745, ""ml_team_total_runs_team2"": 124.35756014734326, ""team_run_calibration"": {""method"": ""ml_team_total"", ""scale_team1"": 1.9897616988085651, ""scale_team2"": 1.388415876620996, ""sum_player_runs_before_team1"": 103.95342026719084, ""sum_player_runs_before_team2"": 153.07508975837564}, ""dynamic_batting_par_mult"": {""team1"": 1.12, ""team2"": 1.0872390845458217}, ""headline_execution_noise"": {""enabled"": true, ""runs_scale"": 0.18, ""wickets_scale"": 0.2, ""seed"": 42}, ""chase_innings_coherence"": {""applied"": false, ""first_innings_target"": 206.84253410780636, ""second_before"": 212.53188493571275, ""second_after"": 212.53188493571275, ""max_excess_runs"": 48.93429415102224, ""cap_ceiling"": 255.0}, ""player_process1"": {""heuristic"": ""role_aware_v1"", ""summary"": ""Best bat / top 5 runs exclude pure bowlers when enough batters exist; best bowl / top 3 wickets prefer bowlers and allrounders; POTM uses a role-weighted composite (not the official match award).""}}",Punjab Kings,Quinton de Kock,112.0,Arshdeep Singh,3.0,Prabhsimran Singh,matches/match24_mi_vs_pbks.csv,"BBB: MI 195/6, PBKS 198/3 (chase). Top runs de Kock 112 (MI); top wickets Arshdeep 3. Pred favoured MI (81% headline) — upset. POTM not in CSV; logged Prabhsimran Singh (80, winning chase) — correct if official award differs.",195.0,198.0,False,False,2026-04-16T14:11:31.198780+00:00,2026-04-17T13:08:11.009749+00:00,2026-04-17T13:08:16.602133+00:00,BBB ingested (match24_mi_vs_pbks.csv). Duplicate legal rows on wides/noballs — expected. Winner pred wrong (MI vs PBKS chase). POTM vs pred (Tilak) — update official_potm in log if broadcast picked de Kock/Arshdeep/Shreyas. Win-prob moderation still leaves ~81% favourite; upset worth a calibration note.
match25-gt-kkr-2026-04-17,2026-04-17,"Narendra Modi Stadium, Ahmedabad",Kolkata Knight Riders,Gujarat Titans,True,Gujarat Titans,0.4887422214696543,M Shahrukh Khan,SP Narine,"[""M Shahrukh Khan"", ""C Green"", ""RK Singh"", ""AM Rahane"", ""Shubman Gill""]","[""SP Narine"", ""CV Varun"", ""AS Roy""]",M Shahrukh Khan,"{""sims"": 400, ""win_probability_basis"": ""hybrid_ensemble"", ""ensemble_p_team1"": 0.4887422214696543, ""sim_win_probability_team1"": 0.8575, ""leader_model_p_team1"": 0.47733734172129305, ""batting_order_swapped"": false, ""impact_trim_lowest"": false, ""impact_dropped_team1"": null, ""impact_dropped_team2"": null, ""pitch_multipliers"": {""first_innings_runs"": 1.0539056, ""second_innings_runs"": 1.0791993344, ""first_innings_wickets"": 0.982, ""second_innings_wickets"": 0.970216}, ""venue_spin_harshness"": 0.4, ""process_variant"": ""1B"", ""full_playing_twelve"": true, ""pred_first_innings_team_runs"": 179.96419976065394, ""pred_second_innings_team_runs"": 175.89057464437442, ""pred_first_innings_team_wickets"": 2.1365749936844827, ""pred_second_innings_team_wickets"": 3.613084155921412, ""pred_first_innings_team_wickets_raw_sum"": 2.1365749936844827, ""pred_second_innings_team_wickets_raw_sum"": 3.613084155921412, ""ml_team_total_runs_team1"": 127.03506221455932, ""ml_team_total_runs_team2"": 125.52705031825224, ""team_run_calibration"": {""method"": ""ml_team_total"", ""scale_team1"": 1.3013304468100426, ""scale_team2"": 1.5898915539112701, ""sum_player_runs_before_team1"": 138.29246845165346, ""sum_player_runs_before_team2"": 110.63054848720243}, ""dynamic_batting_par_mult"": {""team1"": 1.0477738831838097, ""team2"": 1.044672243783497}, ""headline_execution_noise"": {""enabled"": true, ""runs_scale"": 0.18, ""wickets_scale"": 0.2, ""seed"": 42}, ""match_psychology"": {""team1_desperation"": 0.3, ""team2_desperation"": 0.42, ""match_chaos"": 1.0, ""desp_run_k"": 0.004}, ""chase_innings_coherence"": {""applied"": false, ""first_innings_target"": 179.9641997606539, ""second_before"": 175.8905746443744, ""second_after"": 175.8905746443744, ""max_excess_runs"": null, ""cap_ceiling"": null}, ""player_process1"": {""heuristic"": ""role_aware_v1"", ""summary"": ""Best bat / top 5 runs exclude pure bowlers when enough batters exist; best bowl / top 3 wickets prefer bowlers and allrounders; POTM uses a role-weighted composite (not the official match award).""}, ""franchise_momentum_last5"": {""Kolkata Knight Riders"": 0.4, ""Gujarat Titans"": 0.6}, ""venue_momentum_at_fixture"": {""venue_key"": ""ipl_ahmedabad"", ""Kolkata Knight Riders"": 0.5, ""Gujarat Titans"": 0.7288888888888889}, ""win_prob_ensemble"": {""isotonic_skipped"": true, ""high_gap_ml_share_applied"": 0.97, ""gt_ahmedabad_roster_nudge_on_team1_p"": -0.024, ""note"": ""IPLPRED_WIN_P_SKIP_ISOTONIC=1 + |ML\u2212MC|\u22650.25 \u2192 0.97\u00b7ML+0.03\u00b7MC. Opponent-of-GT at Ahmedabad: roster P(team1) nudged \u22120.024 before blend (disable: IPLPRED_NO_GT_AHMEDABAD_ROSTER_NUDGE=1). High-gap share off: IPLPRED_WIN_P_HIGH_GAP_ML_SHARE=0.""}, ""pitch_report_file"": ""predictions/_pitch_match25_gt_kkr.txt"", ""process1_notes"": ""Headline tips GT: roster ML ~47.7% KKR after Ahmedabad/GT nudge; MC still ~85.8% KKR bat-first; hybrid ~48.9% KKR / ~51.1% GT.""}",Gujarat Titans,Shubman Gill,86.0,K Rabada,3.0,Shubman Gill,matches/match25_gt_vs_kkr.csv,"BBB: KKR 180/10 (1st) vs GT 181/5 (chase, Ahmedabad). One-run finish. Top runs Shubman Gill 86; top wickets K Rabada 3. POTM set to Gill — update if official award differed.",180.0,181.0,True,False,2026-04-17T17:08:40.514495+00:00,2026-04-18T12:31:09.141503+00:00,2026-04-18T12:31:11.231452+00:00,"BBB ingested via retrain_after_match; innings/competition IPL. Pre pick GT aligned with result (hybrid ~51% GT). Identity: slugs tim-seifert, shubman-gill, etc. in unified pipeline. Review calibration on tight chases vs bat-first MC bias."
match26-rcb-dc-2026-04-18,2026-04-18,"M Chinnaswamy Stadium, Bengaluru",Royal Challengers Bengaluru,Delhi Capitals,True,Royal Challengers Bengaluru,0.94,RM Patidar,Mukesh Kumar,"[""RM Patidar"", ""AR Patel"", ""V Kohli"", ""KK Nair"", ""KL Rahul""]","[""Mukesh Kumar"", ""T Natarajan"", ""JR Hazlewood""]",RM Patidar,"{""sims"": 400, ""win_probability_basis"": ""hybrid_ensemble"", ""ensemble_p_team1"": 0.94, ""sim_win_probability_team1"": 0.9975, ""leader_model_p_team1"": 0.5012728443424961, ""batting_order_swapped"": false, ""impact_trim_lowest"": false, ""impact_dropped_team1"": null, ""impact_dropped_team2"": null, ""pitch_multipliers"": {""first_innings_runs"": 0.98055254, ""second_innings_runs"": 0.98055254, ""first_innings_wickets"": 0.9867440000000001, ""second_innings_wickets"": 0.9867440000000001}, ""venue_spin_harshness"": 0.92, ""process_variant"": ""1B"", ""full_playing_twelve"": true, ""pred_first_innings_team_runs"": 219.49814037876564, ""pred_second_innings_team_runs"": 176.8272414630942, ""pred_first_innings_team_wickets"": 3.5156772225353206, ""pred_second_innings_team_wickets"": 3.076733571648423, ""pred_first_innings_team_wickets_raw_sum"": 3.5156772225353206, ""pred_second_innings_team_wickets_raw_sum"": 3.076733571648423, ""ml_team_total_runs_team1"": 123.46669995732087, ""ml_team_total_runs_team2"": 120.94326080372714, ""team_run_calibration"": {""method"": ""ml_team_total"", ""scale_team1"": 1.5243463960093178, ""scale_team2"": 1.831865597773494, ""sum_player_runs_before_team1"": 143.99492198978106, ""sum_player_runs_before_team2"": 96.52850169685784}, ""dynamic_batting_par_mult"": {""team1"": 1.112925265650952, ""team2"": 1.0}, ""headline_execution_noise"": {""enabled"": true, ""runs_scale"": 0.18, ""wickets_scale"": 0.2, ""seed"": 42}, ""match_psychology"": {""team1_desperation"": 0.0, ""team2_desperation"": 0.0, ""match_chaos"": 1.0, ""desp_run_k"": 0.004}, ""chase_innings_coherence"": {""applied"": false, ""first_innings_target"": 219.4981403787656, ""second_before"": 176.82724146309423, ""second_after"": 176.82724146309423, ""max_excess_runs"": null, ""cap_ceiling"": null}, ""player_process1"": {""heuristic"": ""role_aware_v1"", ""summary"": ""Best bat / top 5 runs exclude pure bowlers when enough batters exist; best bowl / top 3 wickets prefer bowlers and allrounders; POTM uses a role-weighted composite (not the official match award).""}, ""pitch_report_file"": ""predictions/_pitch_match26_rcb_dc.txt"", ""process1_input_notes"": ""DC bowl first \u2192 RCB team1. Impacts Rasikh Salam / KK Nair. Pitch: afternoon Chinnaswamy, slower day deck + ~200 par \u2014 parse_pitch_report applies slower-day dampening (iplpred/core/match_context._slower_day_batting_track) so innings totals track 200\u2013220-ish not ~240."", ""win_prob_ensemble"": {""note"": ""Headline ~94% RCB vs roster ML ~50%; optional IPLPRED_WIN_P_SKIP_ISOTONIC for flatter hybrid.""}}",Delhi Capitals,PD Salt,63.0,Lungi Ngidi,3.0,Tristan Stubbs,matches/match26_rcb_vs_dc.csv,"Process 2: BBB matches/match26_rcb_vs_dc.csv. RCB 175/8 vs DC 179/4 (chase, DC win). Pre hybrid ~94% RCB — winner miss. Top runs PD Salt 63; Tristan Stubbs 60. Top wickets tied at 3 (Bhuvneshwar Kumar RCB, Lungi Ngidi DC); logged Ngidi. POTM set to Stubbs — correct in log if official differed.",175.0,179.0,False,False,2026-04-18T13:01:24.777015+00:00,2026-04-19T12:42:53.624968+00:00,2026-04-19T12:44:15.274907+00:00,BBB ingested via retrain_after_match; innings totals auto-filled. Favourite miss (94% RCB): review hybrid vs tight chase at Chinnaswamy; recent-innings blend in pred_extra may need tuning for DC chase profile. Identity: ball-by-ball slugs aligned with unified pipeline. Check calibration on high-confidence home favourites when chase ~180.
match27-srh-csk-2026-04-19,2026-04-19,"Rajiv Gandhi International Stadium, Hyderabad",Sunrisers Hyderabad,Chennai Super Kings,True,Sunrisers Hyderabad,0.94,SV Samson,anshul-kamboj,"[""SV Samson"", ""H Klaasen"", ""Ishan Kishan"", ""Abhishek Sharma"", ""RD Gaikwad""]","[""anshul-kamboj"", ""Noor Ahmad"", ""Abhishek Sharma""]",SV Samson,"{""sims"": 400, ""win_probability_basis"": ""hybrid_ensemble"", ""ensemble_p_team1"": 0.94, ""sim_win_probability_team1"": 0.9425, ""leader_model_p_team1"": 0.5012728443424961, ""batting_order_swapped"": false, ""impact_trim_lowest"": false, ""impact_dropped_team1"": null, ""impact_dropped_team2"": null, ""pitch_multipliers"": {""first_innings_runs"": 1.1892319999999998, ""second_innings_runs"": 1.217773568, ""first_innings_wickets"": 0.9772, ""second_innings_wickets"": 0.9654735999999999}, ""venue_spin_harshness"": 0.38, ""process_variant"": ""1A"", ""full_playing_twelve"": false, ""pred_first_innings_team_runs"": 161.48465850742784, ""pred_second_innings_team_runs"": 142.72274125714054, ""pred_first_innings_team_wickets"": 2.019838566051587, ""pred_second_innings_team_wickets"": 1.6689569178901684, ""pred_first_innings_team_wickets_raw_sum"": 2.019838566051587, ""pred_second_innings_team_wickets_raw_sum"": 1.6689569178901684, ""ml_team_total_runs_team1"": 110.68170899524961, ""ml_team_total_runs_team2"": 112.5496923086578, ""team_run_calibration"": {""method"": ""ml_team_total"", ""scale_team1"": 1.1212471068618945, ""scale_team2"": 1.3876762104701665, ""sum_player_runs_before_team1"": 144.02236359778468, ""sum_player_runs_before_team2"": 102.85017512030696}, ""dynamic_batting_par_mult"": {""team1"": 1.0599589438339438, ""team2"": 1.0}, ""headline_execution_noise"": {""enabled"": true, ""runs_scale"": 0.18, ""wickets_scale"": 0.2, ""seed"": 42}, ""match_psychology"": {""team1_desperation"": 0.0, ""team2_desperation"": 0.0, ""match_chaos"": 1.0, ""desp_run_k"": 0.004}, ""chase_innings_coherence"": {""applied"": false, ""first_innings_target"": 161.4846585074279, ""second_before"": 142.72274125714057, ""second_after"": 142.72274125714057, ""max_excess_runs"": null, ""cap_ceiling"": null}, ""recent_innings_context"": {""weight"": 0.38, ""last_n"": 3, ""team1_recent"": {""n_role"": 21, ""n_venue_role"": 0, ""n_venue_any"": 2, ""n_form"": 92, ""mean_role"": 125.66666666666667, ""mean_venue"": 121.5, ""mean_form"": 130.33333333333334, ""blend"": ""role+venue""}, ""team2_recent"": {""n_role"": 26, ""n_venue_role"": 0, ""n_venue_any"": 0, ""n_form"": 92, ""mean_role"": 108.0, ""mean_venue"": null, ""mean_form"": 131.66666666666666, ""blend"": ""role""}, ""prior_first_innings"": 123.79166666666669, ""prior_chase"": 108.0, ""venue_player_lift_team1"": 1.0406072348710338, ""venue_player_lift_team2"": 1.0}, ""player_process1"": {""heuristic"": ""role_aware_v1"", ""summary"": ""Best bat / top 5 runs exclude pure bowlers when enough batters exist; best bowl / top 3 wickets prefer bowlers and allrounders; POTM uses a role-weighted composite (not the official match award).""}, ""pitch_report_file"": ""predictions/_pitch_match27_srh_csk.txt"", ""process1_input_notes"": ""CSK won toss, elected to field \u2192 SRH bat first. 11v11 (impact pools in match27_srh_csk_match.json; not modeled as 12th). Pitch: Hyderabad pitch 3, ~205 avg 1st inn, hard red soil, short boundaries, high runs; commentators lean chase. Registry slugs: sarfaraz-khan, jamie-overton, etc.""}",Sunrisers Hyderabad,Abhishek Sharma,63.0,Jamie Overton,3.0,Abhishek Sharma,matches/match27_srh_vs_csk.csv,"Process 2: BBB matches/match27_srh_vs_csk.csv. SRH 195/9 vs CSK 183 (chase, SRH defend). Pre hybrid ~94% SRH — winner hit. Top runs Abhishek Sharma 63; H Klaasen 59. Top wickets tied at 3 (Jamie Overton SRH, Anshul Kamboj SRH, Eshan Malinga CSK); logged Overton. POTM set to Abhishek Sharma — correct in log if official differed.",195.0,183.0,True,False,2026-04-19T11:32:19.020066+00:00,2026-04-19T12:48:33.980569+00:00,2026-04-19T12:49:51.014599+00:00,BBB ingested via retrain_after_match; innings totals 195 vs 183. Hybrid favourite SRH ~94% — outcome aligned; spot-check calibration on similar home-first defend at Hyderabad. Identity: ball-by-ball slugs aligned with unified pipeline. Review chase model vs CSK middle-order when target ~195.
match28-rr-kkr-2026-04-20,2026-04-20,"Eden Gardens, Kolkata",Rajasthan Royals,Kolkata Knight Riders,True,Rajasthan Royals,0.94,RA Jadeja,CV Varun,"[""RA Jadeja"", ""YBK Jaiswal"", ""C Green"", ""Dhruv Jurel"", ""RK Singh""]","[""CV Varun"", ""JC Archer"", ""Ravi Bishnoi""]",YBK Jaiswal,"{""sims"": 400, ""win_probability_basis"": ""hybrid_ensemble"", ""ensemble_p_team1"": 0.94, ""sim_win_probability_team1"": 0.9625, ""leader_model_p_team1"": 0.5457622721626306, ""batting_order_swapped"": false, ""impact_trim_lowest"": false, ""impact_dropped_team1"": null, ""impact_dropped_team2"": null, ""pitch_multipliers"": {""first_innings_runs"": 0.9902, ""second_innings_runs"": 0.9902, ""first_innings_wickets"": 1.007, ""second_innings_wickets"": 1.007}, ""venue_spin_harshness"": 0.55, ""process_variant"": ""1B"", ""full_playing_twelve"": true, ""pred_first_innings_team_runs"": 169.68174780664742, ""pred_second_innings_team_runs"": 167.35811948294128, ""pred_first_innings_team_wickets"": 3.74868877057881, ""pred_second_innings_team_wickets"": 3.175402980597254, ""pred_first_innings_team_wickets_raw_sum"": 3.74868877057881, ""pred_second_innings_team_wickets_raw_sum"": 3.175402980597254, ""ml_team_total_runs_team1"": 118.66912061867261, ""ml_team_total_runs_team2"": 128.78351350814074, ""team_run_calibration"": {""method"": ""ml_team_total"", ""scale_team1"": 2.1650169288601475, ""scale_team2"": 1.2847312072984767, ""sum_player_runs_before_team1"": 78.3743284150589, ""sum_player_runs_before_team2"": 130.26703059145007}, ""dynamic_batting_par_mult"": {""team1"": 1.0667953484424073, ""team2"": 1.0917144557896636}, ""headline_execution_noise"": {""enabled"": true, ""runs_scale"": 0.18, ""wickets_scale"": 0.2, ""seed"": 42}, ""match_psychology"": {""team1_desperation"": 0.0, ""team2_desperation"": 0.0, ""match_chaos"": 1.0, ""desp_run_k"": 0.004}, ""chase_innings_coherence"": {""applied"": false, ""first_innings_target"": 169.6817478066474, ""second_before"": 167.35811948294125, ""second_after"": 167.35811948294125, ""max_excess_runs"": null, ""cap_ceiling"": null}, ""recent_innings_context"": {""weight"": 0.38, ""last_n"": 3, ""team1_recent"": {""n_role"": 31, ""n_venue_role"": 0, ""n_venue_any"": 0, ""n_form"": 92, ""mean_role"": 116.0, ""mean_venue"": null, ""mean_form"": 130.33333333333334, ""blend"": ""role""}, ""team2_recent"": {""n_role"": 31, ""n_venue_role"": 0, ""n_venue_any"": 2, ""n_form"": 91, ""mean_role"": 107.33333333333333, ""mean_venue"": 110.0, ""mean_form"": 127.33333333333333, ""blend"": ""role+venue""}, ""prior_first_innings"": 116.0, ""prior_chase"": 108.53333333333333, ""venue_player_lift_team1"": 1.0, ""venue_player_lift_team2"": 0.9993178716337773}, ""player_process1"": {""heuristic"": ""role_aware_v1"", ""summary"": ""Best bat / top 5 runs exclude pure bowlers when enough batters exist; best bowl / top 3 wickets prefer bowlers and allrounders; POTM uses a role-weighted composite (not the official match award).""}, ""pitch_report_file"": ""predictions/_pitch_match28_rr_kkr.txt"", ""process1_input_notes"": ""RR bat first (toss). Process 1B: impacts Sandeep Sharma + angkrish-raghuvanshi (use stats slug for KKR impact; display name may not resolve). Eden: green tinge, pace/bounce, high-scoring; Bishop/Martin. Team news block in pitch file.""}",KKR,rinku-singh,53.0,kartik-tyagi,3.0,rinku-singh,matches/match28_kkr_vs_rr.csv,"Process 2 from BBB matches/match28_kkr_vs_rr.csv. RR 155 vs KKR 161. Winner: KKR. Top scorer rinku-singh (53), top wickets kartik-tyagi (3).",155.0,161.0,False,False,2026-04-19T11:39:44.964171+00:00,2026-04-22T13:42:35.825257+00:00,2026-04-22T13:42:38.460291+00:00,BBB ingested from matches/match28_kkr_vs_rr.csv; retrain completed. Review calibration on this result and verify identity aliases for any new slugs.
match29-pbks-lsg-2026-04-19,2026-04-19,"Maharaja Yadavindra Singh International Cricket Stadium, Mullanpur, New Chandigarh",Punjab Kings,Lucknow Super Giants,True,Punjab Kings,0.9846,shreyas-iyer,prince-yadav,"[""shreyas-iyer"", ""cooper-connolly"", ""prabhsimran-singh"", ""mukul-choudhary"", ""ayush-badoni""]","[""prince-yadav"", ""mohammed-shami"", ""avesh-khan""]",shreyas-iyer,"{""sims"": 400, ""win_probability_basis"": ""hybrid_ensemble"", ""ensemble_p_team1"": 0.9846, ""sim_win_probability_team1"": 0.9375, ""leader_model_p_team1"": 0.48372705350634093, ""batting_order_swapped"": false, ""impact_trim_lowest"": false, ""impact_dropped_team1"": null, ""impact_dropped_team2"": null, ""pitch_multipliers"": {""first_innings_runs"": 1.1803, ""second_innings_runs"": 1.1944636, ""first_innings_wickets"": 0.9827, ""second_innings_wickets"": 0.9768038}, ""venue_spin_harshness"": 0.55, ""process_variant"": ""1B"", ""full_playing_twelve"": true, ""pred_first_innings_team_runs"": 172.41589875879734, ""pred_second_innings_team_runs"": 153.2406638474066, ""pred_first_innings_team_wickets"": 2.453610782475488, ""pred_second_innings_team_wickets"": 1.9425347227474041, ""pred_first_innings_team_wickets_raw_sum"": 2.453610782475488, ""pred_second_innings_team_wickets_raw_sum"": 1.9425347227474041, ""ml_team_total_runs_team1"": 136.88171351810925, ""ml_team_total_runs_team2"": 134.24745119415587, ""team_run_calibration"": {""method"": ""ml_team_total"", ""scale_team1"": 2.7741898665347966, ""scale_team2"": 1.470745909652657, ""sum_player_runs_before_team1"": 62.149999478644105, ""sum_player_runs_before_team2"": 104.19248004816627}, ""dynamic_batting_par_mult"": {""team1"": 1.0556159547152193, ""team2"": 1.0358733607079194}, ""headline_execution_noise"": {""enabled"": true, ""runs_scale"": 0.18, ""wickets_scale"": 0.2, ""seed"": 42}, ""match_psychology"": {""team1_desperation"": 0.18, ""team2_desperation"": 0.48, ""match_chaos"": 1.0, ""desp_run_k"": 0.004}, ""chase_innings_coherence"": {""applied"": false, ""first_innings_target"": 172.41589875879737, ""second_before"": 153.2406638474066, ""second_after"": 153.2406638474066, ""max_excess_runs"": null, ""cap_ceiling"": null}, ""recent_innings_context"": {""weight"": 0.38, ""last_n"": 3, ""team1_recent"": {""n_role"": 33, ""n_venue_role"": 0, ""n_venue_any"": 2, ""n_form"": 91, ""mean_role"": 120.33333333333333, ""mean_venue"": 141.5, ""mean_form"": 139.33333333333334, ""blend"": ""role+venue""}, ""team2_recent"": {""n_role"": 15, ""n_venue_role"": 0, ""n_venue_any"": 0, ""n_form"": 62, ""mean_role"": 104.66666666666667, ""mean_venue"": null, ""mean_form"": 117.66666666666667, ""blend"": ""role""}, ""prior_first_innings"": 129.85833333333335, ""prior_chase"": 104.66666666666667, ""venue_player_lift_team1"": 0.9900305806060085, ""venue_player_lift_team2"": 1.0}, ""player_process1"": {""heuristic"": ""role_aware_v1"", ""summary"": ""Best bat / top 5 runs exclude pure bowlers when enough batters exist; best bowl / top 3 wickets prefer bowlers and allrounders; POTM uses a role-weighted composite (not the official match award).""}}",PBKS,cooper-connolly,104.0,prince-yadav,3.0,cooper-connolly,matches/match29_pbks_vs_lsg.csv,"Process 2 from BBB matches/match29_pbks_vs_lsg.csv. PBKS 255 vs LSG 179. Winner: PBKS. Top scorer cooper-connolly (104), top wickets prince-yadav (3).",255.0,179.0,False,False,2026-04-22T13:42:40.391130+00:00,2026-04-22T13:42:42.428247+00:00,2026-04-22T13:42:44.483479+00:00,BBB ingested from matches/match29_pbks_vs_lsg.csv; retrain completed. Review calibration on this result and verify identity aliases for any new slugs.
match32-lsg-rr-2026-04-23,2026-04-23,Lucknow,Rajasthan Royals,Lucknow Super Giants,True,RR,0.5,mitchell-marsh,jofra-archer,"[""mitchell-marsh"", ""ravindra-jadeja"", ""yashasvi-jaiswal"", ""nicholas-pooran"", ""shimron-hetmyer""]","[""jofra-archer"", ""brijesh-sharma"", ""mohammed-shami""]",mitchell-marsh,"{""backfill_note"": ""Retroactive Process 1 row added to enable Process 2 and Process 3 logging for match32.""}",RR,mitchell-marsh,55.0,jofra-archer,3.0,mitchell-marsh,matches/match32_lsg_vs_rr.csv,"Process 2 from BBB matches/match32_lsg_vs_rr.csv. RR 159 vs LSG 118. Winner: RR. Top scorer mitchell-marsh (55), top wickets jofra-archer (3).",159.0,118.0,True,True,2026-04-23T13:35:47.355867+00:00,2026-04-23T13:35:49.957390+00:00,2026-04-23T13:35:52.077203+00:00,BBB ingested from matches/match32_lsg_vs_rr.csv; retrain completed. Review calibration on this result and verify identity aliases for any new slugs.
match30-gt-mi-2026-04-21,2026-04-21,Ahmedabad,Mumbai Indians,Gujarat Titans,True,MI,0.5,tilak-varma,ashwani-kumar,"[""tilak-varma"", ""naman-dhir"", ""washington-sundar"", ""shahrukh-khan"", ""hardik-pandya""]","[""ashwani-kumar"", ""kagiso-rabada"", ""am-ghazanfar""]",tilak-varma,"{""backfill_note"": ""Retroactive Process 1 row added to enable Process 2 and Process 3 logging for match30.""}",MI,tilak-varma,101.0,ashwani-kumar,4.0,tilak-varma,matches/match30_gt_vs_mi.csv,"Process 2 from BBB matches/match30_gt_vs_mi.csv. MI 199 vs GT 100. Winner: MI. Top scorer tilak-varma (101), top wickets ashwani-kumar (4).",199.0,100.0,True,True,2026-04-23T13:46:59.726541+00:00,2026-04-23T13:47:02.094308+00:00,2026-04-23T13:47:04.184083+00:00,BBB ingested from matches/match30_gt_vs_mi.csv; retrain completed. Review calibration on this result and verify identity aliases for any new slugs.
match31-srh-dc-2026-04-22,2026-04-22,Hyderabad,Sunrisers Hyderabad,Delhi Capitals,True,SRH,0.5,abhishek-sharma,eshan-malinga,"[""abhishek-sharma"", ""nitish-rana"", ""sameer-rizvi"", ""heinrich-klaasen"", ""rahul""]","[""eshan-malinga"", ""harsh-dubey"", ""axar-patel""]",abhishek-sharma,"{""backfill_note"": ""Retroactive Process 1 row added to enable Process 2 and Process 3 logging for match31.""}",,,,,,,,,,,,,2026-04-23T13:47:06.205419+00:00,,,
