match_id,innings,over,ball_in_over,batter_id,non_striker_id,bowler_id,batting_team,bowling_team,runs_batter,runs_extras,extras_type,wicket,dismissal_kind,batter_out_id,strike_rate_inn,venue,date,competition
ipl2026-m32-rr-lsg,1,0,1,yashasvi-jaiswal,,mohammed-shami,RR,LSG,0,0,,False,,,,Lucknow,2026-04-23,IPL
ipl2026-m32-rr-lsg,1,0,1,yashasvi-jaiswal,,mohammed-shami,RR,LSG,0,1,wide,False,,,,Lucknow,2026-04-23,IPL
ipl2026-m32-rr-lsg,1,0,2,yashasvi-jaiswal,,mohammed-shami,RR,LSG,0,0,,False,,,,Lucknow,2026-04-23,IPL
ipl2026-m32-rr-lsg,1,0,3,yashasvi-jaiswal,,mohammed-shami,RR,LSG,0,0,,False,,,,Lucknow,2026-04-23,IPL
ipl2026-m32-rr-lsg,1,0,3,yashasvi-jaiswal,,mohammed-shami,RR,LSG,0,1,wide,False,,,,Lucknow,2026-04-23,IPL
ipl2026-m32-rr-lsg,1,0,4,yashasvi-jaiswal,,mohammed-shami,RR,LSG,4,0,,False,,,,Lucknow,2026-04-23,IPL
ipl2026-m32-rr-lsg,1,0,5,yashasvi-jaiswal,,mohammed-shami,RR,LSG,0,0,,False,,,,Lucknow,2026-04-23,IPL
ipl2026-m32-rr-lsg,1,0,6,yashasvi-jaiswal,,mohammed-shami,RR,LSG,1,0,,False,,,,Lucknow,2026-04-23,IPL
ipl2026-m32-rr-lsg,1,1,1,yashasvi-jaiswal,,prince-yadav,RR,LSG,5,0,,False,,,,Lucknow,2026-04-23,IPL
ipl2026-m32-rr-lsg,1,1,2,vaibhav-sooryavanshi,yashasvi-jaiswal,prince-yadav,RR,LSG,4,0,,False,,,,Lucknow,2026-04-23,IPL
ipl2026-m32-rr-lsg,1,1,3,vaibhav-sooryavanshi,yashasvi-jaiswal,prince-yadav,RR,LSG,4,0,,False,,,,Lucknow,2026-04-23,IPL
ipl2026-m32-rr-lsg,1,1,4,vaibhav-sooryavanshi,yashasvi-jaiswal,prince-yadav,RR,LSG,0,0,,False,,,,Lucknow,2026-04-23,IPL
ipl2026-m32-rr-lsg,1,1,5,vaibhav-sooryavanshi,yashasvi-jaiswal,prince-yadav,RR,LSG,0,0,,False,,,,Lucknow,2026-04-23,IPL
ipl2026-m32-rr-lsg,1,1,6,vaibhav-sooryavanshi,yashasvi-jaiswal,prince-yadav,RR,LSG,0,0,,False,,,,Lucknow,2026-04-23,IPL
ipl2026-m32-rr-lsg,1,2,1,yashasvi-jaiswal,vaibhav-sooryavanshi,mohammed-shami,RR,LSG,0,0,,False,,,,Lucknow,2026-04-23,IPL
ipl2026-m32-rr-lsg,1,2,2,yashasvi-jaiswal,vaibhav-sooryavanshi,mohammed-shami,RR,LSG,4,0,,False,,,,Lucknow,2026-04-23,IPL
ipl2026-m32-rr-lsg,1,2,3,yashasvi-jaiswal,vaibhav-sooryavanshi,mohammed-shami,RR,LSG,4,0,,False,,,,Lucknow,2026-04-23,IPL
ipl2026-m32-rr-lsg,1,2,4,yashasvi-jaiswal,vaibhav-sooryavanshi,mohammed-shami,RR,LSG,4,0,,False,,,,Lucknow,2026-04-23,IPL
ipl2026-m32-rr-lsg,1,2,5,yashasvi-jaiswal,vaibhav-sooryavanshi,mohammed-shami,RR,LSG,0,0,,True,caught,yashasvi-jaiswal,,Lucknow,2026-04-23,IPL
ipl2026-m32-rr-lsg,1,2,6,dhruv-jurel,vaibhav-sooryavanshi,mohammed-shami,RR,LSG,0,0,,True,caught,dhruv-jurel,,Lucknow,2026-04-23,IPL
ipl2026-m32-rr-lsg,1,3,1,vaibhav-sooryavanshi,,mohsin-khan,RR,LSG,0,0,,False,,,,Lucknow,2026-04-23,IPL
ipl2026-m32-rr-lsg,1,3,2,vaibhav-sooryavanshi,,mohsin-khan,RR,LSG,0,0,,False,,,,Lucknow,2026-04-23,IPL
ipl2026-m32-rr-lsg,1,3,3,vaibhav-sooryavanshi,,mohsin-khan,RR,LSG,0,0,,False,,,,Lucknow,2026-04-23,IPL
ipl2026-m32-rr-lsg,1,3,4,vaibhav-sooryavanshi,,mohsin-khan,RR,LSG,0,0,,False,,,,Lucknow,2026-04-23,IPL
ipl2026-m32-rr-lsg,1,3,5,vaibhav-sooryavanshi,,mohsin-khan,RR,LSG,0,0,,False,,,,Lucknow,2026-04-23,IPL
ipl2026-m32-rr-lsg,1,3,6,vaibhav-sooryavanshi,,mohsin-khan,RR,LSG,0,0,,True,caught,vaibhav-sooryavanshi,,Lucknow,2026-04-23,IPL
ipl2026-m32-rr-lsg,1,4,1,riyan-parag,vaibhav-sooryavanshi,mohammed-shami,RR,LSG,4,0,,False,,,,Lucknow,2026-04-23,IPL
ipl2026-m32-rr-lsg,1,4,1,riyan-parag,vaibhav-sooryavanshi,mohammed-shami,RR,LSG,0,1,wide,False,,,,Lucknow,2026-04-23,IPL
ipl2026-m32-rr-lsg,1,4,2,riyan-parag,vaibhav-sooryavanshi,mohammed-shami,RR,LSG,0,0,,False,,,,Lucknow,2026-04-23,IPL
ipl2026-m32-rr-lsg,1,4,3,riyan-parag,vaibhav-sooryavanshi,mohammed-shami,RR,LSG,0,0,,False,,,,Lucknow,2026-04-23,IPL
ipl2026-m32-rr-lsg,1,4,4,riyan-parag,vaibhav-sooryavanshi,mohammed-shami,RR,LSG,0,0,,False,,,,Lucknow,2026-04-23,IPL
ipl2026-m32-rr-lsg,1,4,5,riyan-parag,vaibhav-sooryavanshi,mohammed-shami,RR,LSG,0,0,,False,,,,Lucknow,2026-04-23,IPL
ipl2026-m32-rr-lsg,1,4,6,riyan-parag,vaibhav-sooryavanshi,mohammed-shami,RR,LSG,0,0,,False,,,,Lucknow,2026-04-23,IPL
ipl2026-m32-rr-lsg,1,5,1,shimron-hetmyer,riyan-parag,mohsin-khan,RR,LSG,0,0,,False,,,,Lucknow,2026-04-23,IPL
ipl2026-m32-rr-lsg,1,5,2,shimron-hetmyer,riyan-parag,mohsin-khan,RR,LSG,1,0,,False,,,,Lucknow,2026-04-23,IPL
ipl2026-m32-rr-lsg,1,5,3,riyan-parag,shimron-hetmyer,mohsin-khan,RR,LSG,4,0,,False,,,,Lucknow,2026-04-23,IPL
ipl2026-m32-rr-lsg,1,5,4,riyan-parag,shimron-hetmyer,mohsin-khan,RR,LSG,0,0,,False,,,,Lucknow,2026-04-23,IPL
ipl2026-m32-rr-lsg,1,5,5,riyan-parag,shimron-hetmyer,mohsin-khan,RR,LSG,1,0,,False,,,,Lucknow,2026-04-23,IPL
ipl2026-m32-rr-lsg,1,5,6,shimron-hetmyer,riyan-parag,mohsin-khan,RR,LSG,1,0,,False,,,,Lucknow,2026-04-23,IPL
ipl2026-m32-rr-lsg,1,6,1,shimron-hetmyer,riyan-parag,mayank-yadav,RR,LSG,2,0,,False,,,,Lucknow,2026-04-23,IPL
ipl2026-m32-rr-lsg,1,6,2,shimron-hetmyer,riyan-parag,mayank-yadav,RR,LSG,0,0,,False,,,,Lucknow,2026-04-23,IPL
ipl2026-m32-rr-lsg,1,6,2,shimron-hetmyer,riyan-parag,mayank-yadav,RR,LSG,0,1,wide,False,,,,Lucknow,2026-04-23,IPL
ipl2026-m32-rr-lsg,1,6,3,shimron-hetmyer,riyan-parag,mayank-yadav,RR,LSG,1,0,,False,,,,Lucknow,2026-04-23,IPL
ipl2026-m32-rr-lsg,1,6,4,riyan-parag,shimron-hetmyer,mayank-yadav,RR,LSG,0,0,,False,,,,Lucknow,2026-04-23,IPL
ipl2026-m32-rr-lsg,1,6,5,riyan-parag,shimron-hetmyer,mayank-yadav,RR,LSG,0,0,,False,,,,Lucknow,2026-04-23,IPL
ipl2026-m32-rr-lsg,1,6,6,riyan-parag,shimron-hetmyer,mayank-yadav,RR,LSG,6,0,,False,,,,Lucknow,2026-04-23,IPL
ipl2026-m32-rr-lsg,1,7,1,shimron-hetmyer,riyan-parag,digvesh-singh-rathi,RR,LSG,1,0,,False,,,,Lucknow,2026-04-23,IPL
ipl2026-m32-rr-lsg,1,7,2,riyan-parag,shimron-hetmyer,digvesh-singh-rathi,RR,LSG,2,0,,False,,,,Lucknow,2026-04-23,IPL
ipl2026-m32-rr-lsg,1,7,3,riyan-parag,shimron-hetmyer,digvesh-singh-rathi,RR,LSG,1,0,,False,,,,Lucknow,2026-04-23,IPL
ipl2026-m32-rr-lsg,1,7,4,shimron-hetmyer,riyan-parag,digvesh-singh-rathi,RR,LSG,1,0,,False,,,,Lucknow,2026-04-23,IPL
ipl2026-m32-rr-lsg,1,7,5,riyan-parag,shimron-hetmyer,digvesh-singh-rathi,RR,LSG,0,0,,False,,,,Lucknow,2026-04-23,IPL
ipl2026-m32-rr-lsg,1,7,6,riyan-parag,shimron-hetmyer,digvesh-singh-rathi,RR,LSG,1,0,,False,,,,Lucknow,2026-04-23,IPL
ipl2026-m32-rr-lsg,1,8,1,riyan-parag,shimron-hetmyer,prince-yadav,RR,LSG,1,0,,False,,,,Lucknow,2026-04-23,IPL
ipl2026-m32-rr-lsg,1,8,2,shimron-hetmyer,riyan-parag,prince-yadav,RR,LSG,0,0,,False,,,,Lucknow,2026-04-23,IPL
ipl2026-m32-rr-lsg,1,8,3,shimron-hetmyer,riyan-parag,prince-yadav,RR,LSG,0,0,,False,,,,Lucknow,2026-04-23,IPL
ipl2026-m32-rr-lsg,1,8,4,shimron-hetmyer,riyan-parag,prince-yadav,RR,LSG,1,0,,False,,,,Lucknow,2026-04-23,IPL
ipl2026-m32-rr-lsg,1,8,5,riyan-parag,shimron-hetmyer,prince-yadav,RR,LSG,0,0,,False,,,,Lucknow,2026-04-23,IPL
ipl2026-m32-rr-lsg,1,8,6,riyan-parag,shimron-hetmyer,prince-yadav,RR,LSG,0,0,,True,caught,riyan-parag,,Lucknow,2026-04-23,IPL
ipl2026-m32-rr-lsg,1,9,1,shimron-hetmyer,,mayank-yadav,RR,LSG,6,0,,False,,,,Lucknow,2026-04-23,IPL
ipl2026-m32-rr-lsg,1,9,2,shimron-hetmyer,,mayank-yadav,RR,LSG,4,0,,False,,,,Lucknow,2026-04-23,IPL
ipl2026-m32-rr-lsg,1,9,3,shimron-hetmyer,,mayank-yadav,RR,LSG,4,0,,False,,,,Lucknow,2026-04-23,IPL
ipl2026-m32-rr-lsg,1,9,4,shimron-hetmyer,,mayank-yadav,RR,LSG,0,0,,False,,,,Lucknow,2026-04-23,IPL
ipl2026-m32-rr-lsg,1,9,5,shimron-hetmyer,,mayank-yadav,RR,LSG,0,0,,False,,,,Lucknow,2026-04-23,IPL
ipl2026-m32-rr-lsg,1,9,6,shimron-hetmyer,,mayank-yadav,RR,LSG,0,0,,False,,,,Lucknow,2026-04-23,IPL
ipl2026-m32-rr-lsg,1,10,1,ravindra-jadeja,shimron-hetmyer,mohsin-khan,RR,LSG,1,0,,False,,,,Lucknow,2026-04-23,IPL
ipl2026-m32-rr-lsg,1,10,2,shimron-hetmyer,ravindra-jadeja,mohsin-khan,RR,LSG,0,0,,True,caught,shimron-hetmyer,,Lucknow,2026-04-23,IPL
ipl2026-m32-rr-lsg,1,10,3,donovan-ferreira,ravindra-jadeja,mohsin-khan,RR,LSG,0,0,,False,,,,Lucknow,2026-04-23,IPL
ipl2026-m32-rr-lsg,1,10,4,donovan-ferreira,ravindra-jadeja,mohsin-khan,RR,LSG,1,0,,False,,,,Lucknow,2026-04-23,IPL
ipl2026-m32-rr-lsg,1,10,5,ravindra-jadeja,donovan-ferreira,mohsin-khan,RR,LSG,1,0,,False,,,,Lucknow,2026-04-23,IPL
ipl2026-m32-rr-lsg,1,10,6,donovan-ferreira,ravindra-jadeja,mohsin-khan,RR,LSG,1,0,,False,,,,Lucknow,2026-04-23,IPL
ipl2026-m32-rr-lsg,1,11,1,donovan-ferreira,ravindra-jadeja,digvesh-singh-rathi,RR,LSG,0,0,,False,,,,Lucknow,2026-04-23,IPL
ipl2026-m32-rr-lsg,1,11,2,donovan-ferreira,ravindra-jadeja,digvesh-singh-rathi,RR,LSG,0,0,,False,,,,Lucknow,2026-04-23,IPL
ipl2026-m32-rr-lsg,1,11,3,donovan-ferreira,ravindra-jadeja,digvesh-singh-rathi,RR,LSG,1,0,,False,,,,Lucknow,2026-04-23,IPL
ipl2026-m32-rr-lsg,1,11,4,ravindra-jadeja,donovan-ferreira,digvesh-singh-rathi,RR,LSG,1,0,,False,,,,Lucknow,2026-04-23,IPL
ipl2026-m32-rr-lsg,1,11,5,donovan-ferreira,ravindra-jadeja,digvesh-singh-rathi,RR,LSG,1,0,,False,,,,Lucknow,2026-04-23,IPL
ipl2026-m32-rr-lsg,1,11,6,ravindra-jadeja,donovan-ferreira,digvesh-singh-rathi,RR,LSG,0,0,,False,,,,Lucknow,2026-04-23,IPL
ipl2026-m32-rr-lsg,1,12,1,donovan-ferreira,ravindra-jadeja,mohammed-shami,RR,LSG,4,0,,False,,,,Lucknow,2026-04-23,IPL
ipl2026-m32-rr-lsg,1,12,2,donovan-ferreira,ravindra-jadeja,mohammed-shami,RR,LSG,1,0,,False,,,,Lucknow,2026-04-23,IPL
ipl2026-m32-rr-lsg,1,12,3,ravindra-jadeja,donovan-ferreira,mohammed-shami,RR,LSG,0,0,,False,,,,Lucknow,2026-04-23,IPL
ipl2026-m32-rr-lsg,1,12,4,ravindra-jadeja,donovan-ferreira,mohammed-shami,RR,LSG,0,0,,False,,,,Lucknow,2026-04-23,IPL
ipl2026-m32-rr-lsg,1,12,5,ravindra-jadeja,donovan-ferreira,mohammed-shami,RR,LSG,1,0,,False,,,,Lucknow,2026-04-23,IPL
ipl2026-m32-rr-lsg,1,12,6,donovan-ferreira,ravindra-jadeja,mohammed-shami,RR,LSG,0,0,,False,,,,Lucknow,2026-04-23,IPL
ipl2026-m32-rr-lsg,1,13,1,ravindra-jadeja,donovan-ferreira,digvesh-singh-rathi,RR,LSG,1,0,,False,,,,Lucknow,2026-04-23,IPL
ipl2026-m32-rr-lsg,1,13,2,donovan-ferreira,ravindra-jadeja,digvesh-singh-rathi,RR,LSG,2,0,,False,,,,Lucknow,2026-04-23,IPL
ipl2026-m32-rr-lsg,1,13,3,donovan-ferreira,ravindra-jadeja,digvesh-singh-rathi,RR,LSG,0,0,,False,,,,Lucknow,2026-04-23,IPL
ipl2026-m32-rr-lsg,1,13,4,donovan-ferreira,ravindra-jadeja,digvesh-singh-rathi,RR,LSG,1,0,,False,,,,Lucknow,2026-04-23,IPL
ipl2026-m32-rr-lsg,1,13,5,ravindra-jadeja,donovan-ferreira,digvesh-singh-rathi,RR,LSG,1,0,,False,,,,Lucknow,2026-04-23,IPL
ipl2026-m32-rr-lsg,1,13,6,donovan-ferreira,ravindra-jadeja,digvesh-singh-rathi,RR,LSG,1,0,,False,,,,Lucknow,2026-04-23,IPL
ipl2026-m32-rr-lsg,1,14,1,donovan-ferreira,ravindra-jadeja,mayank-yadav,RR,LSG,2,0,,False,,,,Lucknow,2026-04-23,IPL
ipl2026-m32-rr-lsg,1,14,2,donovan-ferreira,ravindra-jadeja,mayank-yadav,RR,LSG,1,0,,False,,,,Lucknow,2026-04-23,IPL
ipl2026-m32-rr-lsg,1,14,3,ravindra-jadeja,donovan-ferreira,mayank-yadav,RR,LSG,2,0,,False,,,,Lucknow,2026-04-23,IPL
ipl2026-m32-rr-lsg,1,14,4,ravindra-jadeja,donovan-ferreira,mayank-yadav,RR,LSG,2,0,,False,,,,Lucknow,2026-04-23,IPL
ipl2026-m32-rr-lsg,1,14,5,ravindra-jadeja,donovan-ferreira,mayank-yadav,RR,LSG,1,0,,False,,,,Lucknow,2026-04-23,IPL
ipl2026-m32-rr-lsg,1,14,6,donovan-ferreira,ravindra-jadeja,mayank-yadav,RR,LSG,4,0,,False,,,,Lucknow,2026-04-23,IPL
ipl2026-m32-rr-lsg,1,15,1,ravindra-jadeja,donovan-ferreira,prince-yadav,RR,LSG,0,0,,False,,,,Lucknow,2026-04-23,IPL
ipl2026-m32-rr-lsg,1,15,2,ravindra-jadeja,donovan-ferreira,prince-yadav,RR,LSG,2,0,,False,,,,Lucknow,2026-04-23,IPL
ipl2026-m32-rr-lsg,1,15,3,ravindra-jadeja,donovan-ferreira,prince-yadav,RR,LSG,1,0,,False,,,,Lucknow,2026-04-23,IPL
ipl2026-m32-rr-lsg,1,15,4,donovan-ferreira,ravindra-jadeja,prince-yadav,RR,LSG,0,0,,False,,,,Lucknow,2026-04-23,IPL
ipl2026-m32-rr-lsg,1,15,5,donovan-ferreira,ravindra-jadeja,prince-yadav,RR,LSG,0,0,,True,caught,donovan-ferreira,,Lucknow,2026-04-23,IPL
ipl2026-m32-rr-lsg,1,15,6,shubham-dubey,ravindra-jadeja,prince-yadav,RR,LSG,0,0,,False,,,,Lucknow,2026-04-23,IPL
ipl2026-m32-rr-lsg,1,16,1,ravindra-jadeja,shubham-dubey,mohsin-khan,RR,LSG,0,0,,False,,,,Lucknow,2026-04-23,IPL
ipl2026-m32-rr-lsg,1,16,2,ravindra-jadeja,shubham-dubey,mohsin-khan,RR,LSG,1,0,,False,,,,Lucknow,2026-04-23,IPL
ipl2026-m32-rr-lsg,1,16,3,shubham-dubey,ravindra-jadeja,mohsin-khan,RR,LSG,1,0,,False,,,,Lucknow,2026-04-23,IPL
ipl2026-m32-rr-lsg,1,16,4,ravindra-jadeja,shubham-dubey,mohsin-khan,RR,LSG,1,0,,False,,,,Lucknow,2026-04-23,IPL
ipl2026-m32-rr-lsg,1,16,5,shubham-dubey,ravindra-jadeja,mohsin-khan,RR,LSG,1,0,,False,,,,Lucknow,2026-04-23,IPL
ipl2026-m32-rr-lsg,1,16,6,ravindra-jadeja,shubham-dubey,mohsin-khan,RR,LSG,2,0,,False,,,,Lucknow,2026-04-23,IPL
ipl2026-m32-rr-lsg,1,17,1,shubham-dubey,ravindra-jadeja,digvesh-singh-rathi,RR,LSG,1,0,,False,,,,Lucknow,2026-04-23,IPL
ipl2026-m32-rr-lsg,1,17,2,ravindra-jadeja,shubham-dubey,digvesh-singh-rathi,RR,LSG,2,0,,False,,,,Lucknow,2026-04-23,IPL
ipl2026-m32-rr-lsg,1,17,3,ravindra-jadeja,shubham-dubey,digvesh-singh-rathi,RR,LSG,1,0,,False,,,,Lucknow,2026-04-23,IPL
ipl2026-m32-rr-lsg,1,17,4,shubham-dubey,ravindra-jadeja,digvesh-singh-rathi,RR,LSG,2,0,,False,,,,Lucknow,2026-04-23,IPL
ipl2026-m32-rr-lsg,1,17,5,shubham-dubey,ravindra-jadeja,digvesh-singh-rathi,RR,LSG,4,0,,False,,,,Lucknow,2026-04-23,IPL
ipl2026-m32-rr-lsg,1,17,6,shubham-dubey,ravindra-jadeja,digvesh-singh-rathi,RR,LSG,1,0,,False,,,,Lucknow,2026-04-23,IPL
ipl2026-m32-rr-lsg,1,18,1,shubham-dubey,ravindra-jadeja,prince-yadav,RR,LSG,0,0,,False,,,,Lucknow,2026-04-23,IPL
ipl2026-m32-rr-lsg,1,18,2,shubham-dubey,ravindra-jadeja,prince-yadav,RR,LSG,4,0,,False,,,,Lucknow,2026-04-23,IPL
ipl2026-m32-rr-lsg,1,18,3,shubham-dubey,ravindra-jadeja,prince-yadav,RR,LSG,1,0,,False,,,,Lucknow,2026-04-23,IPL
ipl2026-m32-rr-lsg,1,18,4,ravindra-jadeja,shubham-dubey,prince-yadav,RR,LSG,2,0,,False,,,,Lucknow,2026-04-23,IPL
ipl2026-m32-rr-lsg,1,18,5,ravindra-jadeja,shubham-dubey,prince-yadav,RR,LSG,0,1,legbye,False,,,,Lucknow,2026-04-23,IPL
ipl2026-m32-rr-lsg,1,18,6,shubham-dubey,ravindra-jadeja,prince-yadav,RR,LSG,4,0,,False,,,,Lucknow,2026-04-23,IPL
ipl2026-m32-rr-lsg,1,19,1,ravindra-jadeja,shubham-dubey,mayank-yadav,RR,LSG,4,0,,False,,,,Lucknow,2026-04-23,IPL
ipl2026-m32-rr-lsg,1,19,2,ravindra-jadeja,shubham-dubey,mayank-yadav,RR,LSG,2,0,,False,,,,Lucknow,2026-04-23,IPL
ipl2026-m32-rr-lsg,1,19,3,ravindra-jadeja,shubham-dubey,mayank-yadav,RR,LSG,4,0,,False,,,,Lucknow,2026-04-23,IPL
ipl2026-m32-rr-lsg,1,19,4,ravindra-jadeja,shubham-dubey,mayank-yadav,RR,LSG,2,0,,False,,,,Lucknow,2026-04-23,IPL
ipl2026-m32-rr-lsg,1,19,5,ravindra-jadeja,shubham-dubey,mayank-yadav,RR,LSG,2,0,,False,,,,Lucknow,2026-04-23,IPL
ipl2026-m32-rr-lsg,1,19,6,ravindra-jadeja,shubham-dubey,mayank-yadav,RR,LSG,6,0,,False,,,,Lucknow,2026-04-23,IPL
ipl2026-m32-rr-lsg,2,0,1,mitchell-marsh,,jofra-archer,LSG,RR,0,0,,False,,,,Lucknow,2026-04-23,IPL
ipl2026-m32-rr-lsg,2,0,2,mitchell-marsh,,jofra-archer,LSG,RR,0,0,,False,,,,Lucknow,2026-04-23,IPL
ipl2026-m32-rr-lsg,2,0,3,mitchell-marsh,,jofra-archer,LSG,RR,4,0,,False,,,,Lucknow,2026-04-23,IPL
ipl2026-m32-rr-lsg,2,0,4,mitchell-marsh,,jofra-archer,LSG,RR,4,0,,False,,,,Lucknow,2026-04-23,IPL
ipl2026-m32-rr-lsg,2,0,5,mitchell-marsh,,jofra-archer,LSG,RR,1,0,,False,,,,Lucknow,2026-04-23,IPL
ipl2026-m32-rr-lsg,2,0,6,ayush-badoni,mitchell-marsh,jofra-archer,LSG,RR,0,0,,True,run out,ayush-badoni,,Lucknow,2026-04-23,IPL
ipl2026-m32-rr-lsg,2,1,1,mitchell-marsh,,nandre-burger,LSG,RR,1,0,,False,,,,Lucknow,2026-04-23,IPL
ipl2026-m32-rr-lsg,2,1,2,rishabh-pant,mitchell-marsh,nandre-burger,LSG,RR,0,0,,False,,,,Lucknow,2026-04-23,IPL
ipl2026-m32-rr-lsg,2,1,3,rishabh-pant,mitchell-marsh,nandre-burger,LSG,RR,0,0,,False,,,,Lucknow,2026-04-23,IPL
ipl2026-m32-rr-lsg,2,1,4,rishabh-pant,mitchell-marsh,nandre-burger,LSG,RR,0,0,,True,caught,rishabh-pant,,Lucknow,2026-04-23,IPL
ipl2026-m32-rr-lsg,2,1,5,aiden-markram,mitchell-marsh,nandre-burger,LSG,RR,0,0,,False,,,,Lucknow,2026-04-23,IPL
ipl2026-m32-rr-lsg,2,1,6,aiden-markram,mitchell-marsh,nandre-burger,LSG,RR,0,0,,False,,,,Lucknow,2026-04-23,IPL
ipl2026-m32-rr-lsg,2,2,1,mitchell-marsh,aiden-markram,jofra-archer,LSG,RR,1,0,,False,,,,Lucknow,2026-04-23,IPL
ipl2026-m32-rr-lsg,2,2,2,aiden-markram,mitchell-marsh,jofra-archer,LSG,RR,0,0,,False,,,,Lucknow,2026-04-23,IPL
ipl2026-m32-rr-lsg,2,2,3,aiden-markram,mitchell-marsh,jofra-archer,LSG,RR,0,0,,False,,,,Lucknow,2026-04-23,IPL
ipl2026-m32-rr-lsg,2,2,4,aiden-markram,mitchell-marsh,jofra-archer,LSG,RR,0,0,,False,,,,Lucknow,2026-04-23,IPL
ipl2026-m32-rr-lsg,2,2,5,aiden-markram,mitchell-marsh,jofra-archer,LSG,RR,0,0,,True,caught,aiden-markram,,Lucknow,2026-04-23,IPL
ipl2026-m32-rr-lsg,2,2,6,nicholas-pooran,mitchell-marsh,jofra-archer,LSG,RR,4,0,,False,,,,Lucknow,2026-04-23,IPL
ipl2026-m32-rr-lsg,2,2,6,nicholas-pooran,mitchell-marsh,jofra-archer,LSG,RR,0,1,wide,False,,,,Lucknow,2026-04-23,IPL
ipl2026-m32-rr-lsg,2,3,1,mitchell-marsh,nicholas-pooran,nandre-burger,LSG,RR,0,0,,False,,,,Lucknow,2026-04-23,IPL
ipl2026-m32-rr-lsg,2,3,2,mitchell-marsh,nicholas-pooran,nandre-burger,LSG,RR,4,0,,False,,,,Lucknow,2026-04-23,IPL
ipl2026-m32-rr-lsg,2,3,3,mitchell-marsh,nicholas-pooran,nandre-burger,LSG,RR,0,1,legbye,False,,,,Lucknow,2026-04-23,IPL
ipl2026-m32-rr-lsg,2,3,4,nicholas-pooran,mitchell-marsh,nandre-burger,LSG,RR,1,0,,False,,,,Lucknow,2026-04-23,IPL
ipl2026-m32-rr-lsg,2,3,5,mitchell-marsh,nicholas-pooran,nandre-burger,LSG,RR,0,0,,False,,,,Lucknow,2026-04-23,IPL
ipl2026-m32-rr-lsg,2,3,6,mitchell-marsh,nicholas-pooran,nandre-burger,LSG,RR,0,0,,False,,,,Lucknow,2026-04-23,IPL
ipl2026-m32-rr-lsg,2,4,1,nicholas-pooran,mitchell-marsh,jofra-archer,LSG,RR,0,0,,False,,,,Lucknow,2026-04-23,IPL
ipl2026-m32-rr-lsg,2,4,2,nicholas-pooran,mitchell-marsh,jofra-archer,LSG,RR,0,0,,False,,,,Lucknow,2026-04-23,IPL
ipl2026-m32-rr-lsg,2,4,3,nicholas-pooran,mitchell-marsh,jofra-archer,LSG,RR,0,0,,False,,,,Lucknow,2026-04-23,IPL
ipl2026-m32-rr-lsg,2,4,4,nicholas-pooran,mitchell-marsh,jofra-archer,LSG,RR,0,0,,False,,,,Lucknow,2026-04-23,IPL
ipl2026-m32-rr-lsg,2,4,5,nicholas-pooran,mitchell-marsh,jofra-archer,LSG,RR,0,0,,False,,,,Lucknow,2026-04-23,IPL
ipl2026-m32-rr-lsg,2,4,6,nicholas-pooran,mitchell-marsh,jofra-archer,LSG,RR,0,0,,False,,,,Lucknow,2026-04-23,IPL
ipl2026-m32-rr-lsg,2,5,1,mitchell-marsh,nicholas-pooran,nandre-burger,LSG,RR,1,0,,False,,,,Lucknow,2026-04-23,IPL
ipl2026-m32-rr-lsg,2,5,2,nicholas-pooran,mitchell-marsh,nandre-burger,LSG,RR,0,0,,False,,,,Lucknow,2026-04-23,IPL
ipl2026-m32-rr-lsg,2,5,3,nicholas-pooran,mitchell-marsh,nandre-burger,LSG,RR,1,0,,False,,,,Lucknow,2026-04-23,IPL
ipl2026-m32-rr-lsg,2,5,4,mitchell-marsh,nicholas-pooran,nandre-burger,LSG,RR,6,0,,False,,,,Lucknow,2026-04-23,IPL
ipl2026-m32-rr-lsg,2,5,5,mitchell-marsh,nicholas-pooran,nandre-burger,LSG,RR,0,0,,False,,,,Lucknow,2026-04-23,IPL
ipl2026-m32-rr-lsg,2,5,6,mitchell-marsh,nicholas-pooran,nandre-burger,LSG,RR,1,0,,False,,,,Lucknow,2026-04-23,IPL
ipl2026-m32-rr-lsg,2,6,1,mitchell-marsh,nicholas-pooran,brijesh-sharma,LSG,RR,0,0,,False,,,,Lucknow,2026-04-23,IPL
ipl2026-m32-rr-lsg,2,6,2,mitchell-marsh,nicholas-pooran,brijesh-sharma,LSG,RR,1,0,,False,,,,Lucknow,2026-04-23,IPL
ipl2026-m32-rr-lsg,2,6,3,nicholas-pooran,mitchell-marsh,brijesh-sharma,LSG,RR,0,0,,False,,,,Lucknow,2026-04-23,IPL
ipl2026-m32-rr-lsg,2,6,4,nicholas-pooran,mitchell-marsh,brijesh-sharma,LSG,RR,4,0,,False,,,,Lucknow,2026-04-23,IPL
ipl2026-m32-rr-lsg,2,6,5,nicholas-pooran,mitchell-marsh,brijesh-sharma,LSG,RR,0,0,,False,,,,Lucknow,2026-04-23,IPL
ipl2026-m32-rr-lsg,2,6,6,nicholas-pooran,mitchell-marsh,brijesh-sharma,LSG,RR,4,0,,False,,,,Lucknow,2026-04-23,IPL
ipl2026-m32-rr-lsg,2,7,1,mitchell-marsh,nicholas-pooran,ravindra-jadeja,LSG,RR,0,0,,False,,,,Lucknow,2026-04-23,IPL
ipl2026-m32-rr-lsg,2,7,2,mitchell-marsh,nicholas-pooran,ravindra-jadeja,LSG,RR,1,0,,False,,,,Lucknow,2026-04-23,IPL
ipl2026-m32-rr-lsg,2,7,3,nicholas-pooran,mitchell-marsh,ravindra-jadeja,LSG,RR,1,0,,False,,,,Lucknow,2026-04-23,IPL
ipl2026-m32-rr-lsg,2,7,4,mitchell-marsh,nicholas-pooran,ravindra-jadeja,LSG,RR,1,0,,False,,,,Lucknow,2026-04-23,IPL
ipl2026-m32-rr-lsg,2,7,5,nicholas-pooran,mitchell-marsh,ravindra-jadeja,LSG,RR,0,0,,False,,,,Lucknow,2026-04-23,IPL
ipl2026-m32-rr-lsg,2,7,6,nicholas-pooran,mitchell-marsh,ravindra-jadeja,LSG,RR,1,0,,False,,,,Lucknow,2026-04-23,IPL
ipl2026-m32-rr-lsg,2,8,1,nicholas-pooran,mitchell-marsh,ravi-bishnoi,LSG,RR,1,0,,False,,,,Lucknow,2026-04-23,IPL
ipl2026-m32-rr-lsg,2,8,2,mitchell-marsh,nicholas-pooran,ravi-bishnoi,LSG,RR,2,0,,False,,,,Lucknow,2026-04-23,IPL
ipl2026-m32-rr-lsg,2,8,3,mitchell-marsh,nicholas-pooran,ravi-bishnoi,LSG,RR,1,0,,False,,,,Lucknow,2026-04-23,IPL
ipl2026-m32-rr-lsg,2,8,4,nicholas-pooran,mitchell-marsh,ravi-bishnoi,LSG,RR,0,0,,False,,,,Lucknow,2026-04-23,IPL
ipl2026-m32-rr-lsg,2,8,5,nicholas-pooran,mitchell-marsh,ravi-bishnoi,LSG,RR,0,0,,False,,,,Lucknow,2026-04-23,IPL
ipl2026-m32-rr-lsg,2,8,6,nicholas-pooran,mitchell-marsh,ravi-bishnoi,LSG,RR,1,0,,False,,,,Lucknow,2026-04-23,IPL
ipl2026-m32-rr-lsg,2,9,1,nicholas-pooran,mitchell-marsh,ravindra-jadeja,LSG,RR,2,0,,False,,,,Lucknow,2026-04-23,IPL
ipl2026-m32-rr-lsg,2,9,2,nicholas-pooran,mitchell-marsh,ravindra-jadeja,LSG,RR,0,0,,False,,,,Lucknow,2026-04-23,IPL
ipl2026-m32-rr-lsg,2,9,3,nicholas-pooran,mitchell-marsh,ravindra-jadeja,LSG,RR,2,0,,False,,,,Lucknow,2026-04-23,IPL
ipl2026-m32-rr-lsg,2,9,4,nicholas-pooran,mitchell-marsh,ravindra-jadeja,LSG,RR,0,0,,True,caught,nicholas-pooran,,Lucknow,2026-04-23,IPL
ipl2026-m32-rr-lsg,2,9,5,himmat-singh,mitchell-marsh,ravindra-jadeja,LSG,RR,1,0,,False,,,,Lucknow,2026-04-23,IPL
ipl2026-m32-rr-lsg,2,9,6,mitchell-marsh,himmat-singh,ravindra-jadeja,LSG,RR,0,0,,False,,,,Lucknow,2026-04-23,IPL
ipl2026-m32-rr-lsg,2,10,1,himmat-singh,mitchell-marsh,ravi-bishnoi,LSG,RR,1,0,,False,,,,Lucknow,2026-04-23,IPL
ipl2026-m32-rr-lsg,2,10,2,mitchell-marsh,himmat-singh,ravi-bishnoi,LSG,RR,4,0,,False,,,,Lucknow,2026-04-23,IPL
ipl2026-m32-rr-lsg,2,10,3,mitchell-marsh,himmat-singh,ravi-bishnoi,LSG,RR,0,0,,False,,,,Lucknow,2026-04-23,IPL
ipl2026-m32-rr-lsg,2,10,4,mitchell-marsh,himmat-singh,ravi-bishnoi,LSG,RR,1,0,,False,,,,Lucknow,2026-04-23,IPL
ipl2026-m32-rr-lsg,2,10,5,himmat-singh,mitchell-marsh,ravi-bishnoi,LSG,RR,0,0,,False,,,,Lucknow,2026-04-23,IPL
ipl2026-m32-rr-lsg,2,10,5,himmat-singh,mitchell-marsh,ravi-bishnoi,LSG,RR,0,1,wide,False,,,,Lucknow,2026-04-23,IPL
ipl2026-m32-rr-lsg,2,10,6,himmat-singh,mitchell-marsh,ravi-bishnoi,LSG,RR,0,0,,False,,,,Lucknow,2026-04-23,IPL
ipl2026-m32-rr-lsg,2,11,1,mitchell-marsh,himmat-singh,ravindra-jadeja,LSG,RR,4,0,,False,,,,Lucknow,2026-04-23,IPL
ipl2026-m32-rr-lsg,2,11,2,mitchell-marsh,himmat-singh,ravindra-jadeja,LSG,RR,4,0,,False,,,,Lucknow,2026-04-23,IPL
ipl2026-m32-rr-lsg,2,11,3,mitchell-marsh,himmat-singh,ravindra-jadeja,LSG,RR,1,0,,False,,,,Lucknow,2026-04-23,IPL
ipl2026-m32-rr-lsg,2,11,4,himmat-singh,mitchell-marsh,ravindra-jadeja,LSG,RR,1,0,,False,,,,Lucknow,2026-04-23,IPL
ipl2026-m32-rr-lsg,2,11,5,mitchell-marsh,himmat-singh,ravindra-jadeja,LSG,RR,1,0,,False,,,,Lucknow,2026-04-23,IPL
ipl2026-m32-rr-lsg,2,11,6,himmat-singh,mitchell-marsh,ravindra-jadeka,LSG,RR,1,0,,False,,,,Lucknow,2026-04-23,IPL
ipl2026-m32-rr-lsg,2,12,1,himmat-singh,mitchell-marsh,brijesh-sharma,LSG,RR,1,0,,False,,,,Lucknow,2026-04-23,IPL
ipl2026-m32-rr-lsg,2,12,2,mitchell-marsh,himmat-singh,brijesh-sharma,LSG,RR,1,0,,False,,,,Lucknow,2026-04-23,IPL
ipl2026-m32-rr-lsg,2,12,3,himmat-singh,mitchell-marsh,brijesh-sharma,LSG,RR,1,0,,False,,,,Lucknow,2026-04-23,IPL
ipl2026-m32-rr-lsg,2,12,4,mitchell-marsh,himmat-singh,brijesh-sharma,LSG,RR,1,0,,False,,,,Lucknow,2026-04-23,IPL
ipl2026-m32-rr-lsg,2,12,5,himmat-singh,mitchell-marsh,brijesh-sharma,LSG,RR,1,0,,False,,,,Lucknow,2026-04-23,IPL
ipl2026-m32-rr-lsg,2,12,6,mitchell-marsh,himmat-singh,brijesh-sharma,LSG,RR,1,0,,False,,,,Lucknow,2026-04-23,IPL
ipl2026-m32-rr-lsg,2,13,1,mitchell-marsh,himmat-singh,ravindra-jadeja,LSG,RR,0,0,,False,,,,Lucknow,2026-04-23,IPL
ipl2026-m32-rr-lsg,2,13,1,mitchell-marsh,himmat-singh,ravindra-jadeja,LSG,RR,0,1,wide,False,,,,Lucknow,2026-04-23,IPL
ipl2026-m32-rr-lsg,2,13,2,mitchell-marsh,himmat-singh,ravindra-jadeja,LSG,RR,0,1,legbye,False,,,,Lucknow,2026-04-23,IPL
ipl2026-m32-rr-lsg,2,13,3,himmat-singh,mitchell-marsh,ravindra-jadeja,LSG,RR,0,0,,False,,,,Lucknow,2026-04-23,IPL
ipl2026-m32-rr-lsg,2,13,4,himmat-singh,mitchell-marsh,ravindra-jadeja,LSG,RR,6,0,,False,,,,Lucknow,2026-04-23,IPL
ipl2026-m32-rr-lsg,2,13,5,himmat-singh,mitchell-marsh,ravindra-jadeja,LSG,RR,0,0,,False,,,,Lucknow,2026-04-23,IPL
ipl2026-m32-rr-lsg,2,13,6,himmat-singh,mitchell-marsh,ravindra-jadeja,LSG,RR,1,0,,False,,,,Lucknow,2026-04-23,IPL
ipl2026-m32-rr-lsg,2,14,1,himmat-singh,mitchell-marsh,ravi-bishnoi,LSG,RR,1,0,,False,,,,Lucknow,2026-04-23,IPL
ipl2026-m32-rr-lsg,2,14,2,mitchell-marsh,himmat-singh,ravi-bishnoi,LSG,RR,1,0,,False,,,,Lucknow,2026-04-23,IPL
ipl2026-m32-rr-lsg,2,14,3,himmat-singh,mitchell-marsh,ravi-bishnoi,LSG,RR,0,0,,True,bowled,himmat-singh,,Lucknow,2026-04-23,IPL
ipl2026-m32-rr-lsg,2,14,4,mukul-choudhary,mitchell-marsh,ravi-bishnoi,LSG,RR,1,0,,False,,,,Lucknow,2026-04-23,IPL
ipl2026-m32-rr-lsg,2,14,5,mitchell-marsh,mukul-choudhary,ravi-bishnoi,LSG,RR,1,0,,False,,,,Lucknow,2026-04-23,IPL
ipl2026-m32-rr-lsg,2,14,6,mukul-choudhary,mitchell-marsh,ravi-bishnoi,LSG,RR,6,0,,False,,,,Lucknow,2026-04-23,IPL
ipl2026-m32-rr-lsg,2,15,1,mitchell-marsh,mukul-choudhary,nandre-burger,LSG,RR,6,0,,False,,,,Lucknow,2026-04-23,IPL
ipl2026-m32-rr-lsg,2,15,2,mitchell-marsh,mukul-choudhary,nandre-burger,LSG,RR,0,0,,False,,,,Lucknow,2026-04-23,IPL
ipl2026-m32-rr-lsg,2,15,3,mitchell-marsh,mukul-choudhary,nandre-burger,LSG,RR,0,0,,True,caught,mitchell-marsh,,Lucknow,2026-04-23,IPL
ipl2026-m32-rr-lsg,2,15,4,mohammed-shami,mukul-choudhary,nandre-burger,LSG,RR,0,0,,False,,,,Lucknow,2026-04-23,IPL
ipl2026-m32-rr-lsg,2,15,5,mohammed-shami,mukul-choudhary,nandre-burger,LSG,RR,0,0,,False,,,,Lucknow,2026-04-23,IPL
ipl2026-m32-rr-lsg,2,15,6,mohammed-shami,mukul-choudhary,nandre-burger,LSG,RR,6,0,,False,,,,Lucknow,2026-04-23,IPL
ipl2026-m32-rr-lsg,2,16,1,mukul-choudhary,mohammed-shami,brijesh-sharma,LSG,RR,0,0,,True,caught,mukul-choudhary,,Lucknow,2026-04-23,IPL
ipl2026-m32-rr-lsg,2,16,2,mayank-yadav,mohammed-shami,brijesh-sharma,LSG,RR,1,0,,False,,,,Lucknow,2026-04-23,IPL
ipl2026-m32-rr-lsg,2,16,2,mayank-yadav,mohammed-shami,brijesh-sharma,LSG,RR,0,1,wide,False,,,,Lucknow,2026-04-23,IPL
ipl2026-m32-rr-lsg,2,16,3,mohammed-shami,mayank-yadav,brijesh-sharma,LSG,RR,0,0,,True,bowled,mohammed-shami,,Lucknow,2026-04-23,IPL
ipl2026-m32-rr-lsg,2,16,4,digvesh-singh-rathi,mayank-yadav,brijesh-sharma,LSG,RR,1,0,,False,,,,Lucknow,2026-04-23,IPL
ipl2026-m32-rr-lsg,2,16,5,mayank-yadav,digvesh-singh-rathi,brijesh-sharma,LSG,RR,0,0,,False,,,,Lucknow,2026-04-23,IPL
ipl2026-m32-rr-lsg,2,16,6,mayank-yadav,digvesh-singh-rathi,brijesh-sharma,LSG,RR,0,0,,False,,,,Lucknow,2026-04-23,IPL
ipl2026-m32-rr-lsg,2,17,1,digvesh-singh-rathi,mayank-yadav,jofra-archer,LSG,RR,1,0,,False,,,,Lucknow,2026-04-23,IPL
ipl2026-m32-rr-lsg,2,17,2,mayank-yadav,digvesh-singh-rathi,jofra-archer,LSG,RR,4,0,,False,,,,Lucknow,2026-04-23,IPL
ipl2026-m32-rr-lsg,2,17,3,mayank-yadav,digvesh-singh-rathi,jofra-archer,LSG,RR,0,0,,True,caught,mayank-yadav,,Lucknow,2026-04-23,IPL
ipl2026-m32-rr-lsg,2,17,4,mohsin-khan,digvesh-singh-rathi,jofra-archer,LSG,RR,0,0,,False,,,,Lucknow,2026-04-23,IPL
ipl2026-m32-rr-lsg,2,17,5,mohsin-khan,digvesh-singh-rathi,jofra-archer,LSG,RR,0,0,,False,,,,Lucknow,2026-04-23,IPL
ipl2026-m32-rr-lsg,2,17,6,mohsin-khan,digvesh-singh-rathi,jofra-archer,LSG,RR,0,0,,True,bowled,mohsin-khan,,Lucknow,2026-04-23,IPL
